Local time,Open,High,Low,Close,Volume
30.09.2019 14:00:00.000 GMT-0700,8181,8472,8137,8318,601.2124000000001
01.10.2019 14:00:00.000 GMT-0700,8318,8359,8120,8176,352.9879
02.10.2019 14:00:00.000 GMT-0700,8176,8359,8030,8091,264.055
03.10.2019 14:00:00.000 GMT-0700,8088,8239,7972,8109,287.48959999999994
04.10.2019 14:00:00.000 GMT-0700,8109,8109,8109,8109,0
05.10.2019 14:00:00.000 GMT-0700,8109,8109,8109,8109,0
06.10.2019 14:00:00.000 GMT-0700,7850,8254,7714,8159,536.0352
07.10.2019 14:00:00.000 GMT-0700,8158,8285,8057,8072,484.9078
08.10.2019 14:00:00.000 GMT-0700,8072,8634,8065,8532,698.1349000000001
09.10.2019 14:00:00.000 GMT-0700,8531,8604,8399,8523,525.6807
10.10.2019 14:00:00.000 GMT-0700,8523,8755,8232,8283,520.1364
11.10.2019 14:00:00.000 GMT-0700,8283,8283,8283,8283,0
12.10.2019 14:00:00.000 GMT-0700,8283,8283,8283,8283,0
13.10.2019 14:00:00.000 GMT-0700,8192,8347,8163,8285,370.49609999999996
14.10.2019 14:00:00.000 GMT-0700,8285,8360,8059,8085,447.7277
15.10.2019 14:00:00.000 GMT-0700,8085,8118,7856,7930,319.0865
16.10.2019 14:00:00.000 GMT-0700,7930,8070,7883,7989,335.24719999999996
17.10.2019 14:00:00.000 GMT-0700,7988,8063,7765,7889,489.71709999999996
18.10.2019 14:00:00.000 GMT-0700,7889,7889,7889,7889,0
19.10.2019 14:00:00.000 GMT-0700,7889,7889,7889,7889,0
20.10.2019 14:00:00.000 GMT-0700,8167,8287,8102,8149,460.97440000000006
21.10.2019 14:00:00.000 GMT-0700,8148,8256,8021,8067,464.2841
22.10.2019 14:00:00.000 GMT-0700,8067,8067,7247,7433,483.94179999999994
23.10.2019 14:00:00.000 GMT-0700,7432,7454,7302,7399,489.1535999999999
24.10.2019 14:00:00.000 GMT-0700,7399,8712,7341,8511,724.9961999999999
25.10.2019 14:00:00.000 GMT-0700,8511,8511,8511,8511,0
26.10.2019 14:00:00.000 GMT-0700,8511,8511,8511,8511,0
27.10.2019 14:00:00.000 GMT-0700,9565,9876,9213,9401,954.0924
28.10.2019 14:00:00.000 GMT-0700,9400,9504,9034,9388,768.8908000000002
29.10.2019 14:00:00.000 GMT-0700,9388,9414,8945,9128,636.7866
30.10.2019 14:00:00.000 GMT-0700,9127,9373,8903,9154,655.7828000000001
31.10.2019 14:00:00.000 GMT-0700,9155,9302,9004,9154,697.3085000000001
01.11.2019 14:00:00.000 GMT-0700,9154,9154,9154,9154,0
02.11.2019 14:00:00.000 GMT-0700,9102,9108,9022,9099,0.0771
03.11.2019 14:00:00.000 GMT-0800,9097,9507,9071,9385,538.0761
04.11.2019 14:00:00.000 GMT-0800,9385,9425,9133,9300,556.2699
05.11.2019 14:00:00.000 GMT-0800,9297,9389,9201,9261,541.4553999999999
06.11.2019 14:00:00.000 GMT-0800,9261,9315,9031,9153,562.1563
07.11.2019 14:00:00.000 GMT-0800,9153,9194,8617,8743,538.3482
08.11.2019 14:00:00.000 GMT-0800,8743,8743,8743,8743,0
09.11.2019 14:00:00.000 GMT-0800,8978,8990,8969,8983,0.0465
10.11.2019 14:00:00.000 GMT-0800,8983,9040,8549,8676,425.9846999999999
11.11.2019 14:00:00.000 GMT-0800,8675,8808,8509,8707,384.3381
12.11.2019 14:00:00.000 GMT-0800,8706,8779,8651,8695,374.4004
13.11.2019 14:00:00.000 GMT-0800,8695,8730,8505,8593,343.64520000000005
14.11.2019 14:00:00.000 GMT-0800,8592,8713,8326,8410,402.7581
15.11.2019 14:00:00.000 GMT-0800,8410,8410,8410,8410,0
16.11.2019 14:00:00.000 GMT-0800,8472,8507,8467,8497,0.0104
17.11.2019 14:00:00.000 GMT-0800,8495,8498,7982,8163,409.5621
18.11.2019 14:00:00.000 GMT-0800,8163,8163,7942,8049,425.0918999999999
19.11.2019 14:00:00.000 GMT-0800,8049,8164,7971,8029,366.2686999999999
20.11.2019 14:00:00.000 GMT-0800,8029,8059,7344,7537,469.36080000000004
21.11.2019 14:00:00.000 GMT-0800,7533,7654,6739,7272,667.6021
22.11.2019 14:00:00.000 GMT-0800,7272,7272,7272,7272,0
23.11.2019 14:00:00.000 GMT-0800,6999,7043,6981,6989,0.091
24.11.2019 14:00:00.000 GMT-0800,6988,7318,6471,7154,930.1217999999999
25.11.2019 14:00:00.000 GMT-0800,7152,7283,6974,7056,812.4995999999998
26.11.2019 14:00:00.000 GMT-0800,7056,7615,6795,7493,897.0403999999999
27.11.2019 14:00:00.000 GMT-0800,7493,7602,7369,7507,556.4920000000001
28.11.2019 14:00:00.000 GMT-0800,7507,7807,7319,7688,616.1748000000001
29.11.2019 14:00:00.000 GMT-0800,7688,7688,7688,7688,0
30.11.2019 14:00:00.000 GMT-0800,7297,7329,7260,7323,0.0636
01.12.2019 14:00:00.000 GMT-0800,7320,7395,7109,7260,602.943
02.12.2019 14:00:00.000 GMT-0800,7259,7355,7188,7273,490.23960000000005
03.12.2019 14:00:00.000 GMT-0800,7272,7713,7040,7129,620.8940999999999
04.12.2019 14:00:00.000 GMT-0800,7127,7431,7108,7323,602.6841
05.12.2019 14:00:00.000 GMT-0800,7323,7546,7255,7384,476.1058999999999
06.12.2019 14:00:00.000 GMT-0800,7384,7384,7384,7384,0
07.12.2019 14:00:00.000 GMT-0800,7479,7500,7479,7488,0.0251
08.12.2019 14:00:00.000 GMT-0800,7486,7596,7230,7304,290.88769999999994
09.12.2019 14:00:00.000 GMT-0800,7301,7333,7106,7164,434.8142
10.12.2019 14:00:00.000 GMT-0800,7163,7211,7075,7134,335.3218
11.12.2019 14:00:00.000 GMT-0800,7133,7230,7025,7143,437.02020000000005
12.12.2019 14:00:00.000 GMT-0800,7143,7241,7126,7198,303.2185
13.12.2019 14:00:00.000 GMT-0800,7198,7198,7198,7198,0
14.12.2019 14:00:00.000 GMT-0800,7072,7072,7051,7063,0.0194
15.12.2019 14:00:00.000 GMT-0800,7062,7082,6775,6817,343.97540000000004
16.12.2019 14:00:00.000 GMT-0800,6817,6877,6520,6558,438.3546
17.12.2019 14:00:00.000 GMT-0800,6558,7165,6379,7075,694.8688000000001
18.12.2019 14:00:00.000 GMT-0800,7075,7386,6989,7099,558.5252999999999
19.12.2019 14:00:00.000 GMT-0800,7096,7159,7023,7152,259.8393
20.12.2019 14:00:00.000 GMT-0800,7152,7152,7152,7152,0
21.12.2019 14:00:00.000 GMT-0800,7362,7365,7329,7349,0.0538
22.12.2019 14:00:00.000 GMT-0800,7350,7631,7236,7260,271.6235
23.12.2019 14:00:00.000 GMT-0800,7259,7368,7103,7189,588.5238
24.12.2019 14:00:00.000 GMT-0800,7189,7190,7145,7152,0.16799999999999998
25.12.2019 14:00:00.000 GMT-0800,7150,7370,7111,7132,413.18300000000005
26.12.2019 14:00:00.000 GMT-0800,7130,7195,7006,7155,273.771
27.12.2019 14:00:00.000 GMT-0800,7155,7155,7155,7155,0
28.12.2019 14:00:00.000 GMT-0800,7334,7340,7300,7332,0.1004
29.12.2019 14:00:00.000 GMT-0800,7332,7366,7146,7186,313.26640000000003
30.12.2019 14:00:00.000 GMT-0800,7186,7242,7059,7101,370.5045999999999
31.12.2019 14:00:00.000 GMT-0800,7101,7165,7101,7158,0.0759
01.01.2020 14:00:00.000 GMT-0800,7157,7157,6850,6902,279.65620000000007
02.01.2020 14:00:00.000 GMT-0800,6901,7342,6803,7253,630.435
03.01.2020 14:00:00.000 GMT-0800,7253,7253,7253,7253,0
04.01.2020 14:00:00.000 GMT-0800,7372,7372,7305,7305,0.0638
05.01.2020 14:00:00.000 GMT-0800,7303,7548,7259,7518,622.8252999999997
06.01.2020 14:00:00.000 GMT-0800,7518,8133,7518,7965,1074.1287
07.01.2020 14:00:00.000 GMT-0800,7964,8406,7817,7949,1097.9723999999999
08.01.2020 14:00:00.000 GMT-0800,7949,8053,7692,7729,978.5586999999999
09.01.2020 14:00:00.000 GMT-0800,7729,8077,7623,8016,853.4101999999999
10.01.2020 14:00:00.000 GMT-0800,8016,8016,8016,8016,0
11.01.2020 14:00:00.000 GMT-0800,8079,8086,8039,8044,0.0545
12.01.2020 14:00:00.000 GMT-0800,8041,8137,7992,8074,324.1281
13.01.2020 14:00:00.000 GMT-0800,8074,8800,8050,8684,1001.5448000000002
14.01.2020 14:00:00.000 GMT-0800,8684,8844,8504,8767,809.2383
15.01.2020 14:00:00.000 GMT-0800,8764,8806,8528,8622,752.8247999999999
16.01.2020 14:00:00.000 GMT-0800,8622,8951,8608,8812,702.3487999999999
17.01.2020 14:00:00.000 GMT-0800,8812,8812,8812,8812,0
18.01.2020 14:00:00.000 GMT-0800,8584,8691,8582,8662,0.1159
19.01.2020 14:00:00.000 GMT-0800,8661,8687,8443,8614,586.2073999999999
20.01.2020 14:00:00.000 GMT-0800,8614,8713,8430,8664,608.7655
21.01.2020 14:00:00.000 GMT-0800,8663,8734,8517,8582,480.95629999999994
22.01.2020 14:00:00.000 GMT-0800,8582,8609,8223,8325,498.25700000000006
23.01.2020 14:00:00.000 GMT-0800,8324,8454,8163,8417,503.66020000000003
24.01.2020 14:00:00.000 GMT-0800,8417,8417,8417,8417,0
25.01.2020 14:00:00.000 GMT-0800,8498,8529,8497,8527,0.0491
26.01.2020 14:00:00.000 GMT-0800,8526,8934,8480,8889,638.4934
27.01.2020 14:00:00.000 GMT-0800,8889,9124,8818,8986,767.8143999999999
28.01.2020 14:00:00.000 GMT-0800,8986,9375,8982,9300,646.9268999999998
29.01.2020 14:00:00.000 GMT-0800,9300,9507,9131,9499,742.5061
30.01.2020 14:00:00.000 GMT-0800,9499,9508,9143,9248,565.8916
31.01.2020 14:00:00.000 GMT-0800,9248,9297,9248,9297,0
01.02.2020 14:00:00.000 GMT-0800,9378,9387,9365,9384,0.0503
02.02.2020 14:00:00.000 GMT-0800,9384,9549,9165,9219,494.5014
03.02.2020 14:00:00.000 GMT-0800,9219,9286,9023,9081,435.7792999999999
04.02.2020 14:00:00.000 GMT-0800,9081,9711,9074,9633,758.8698999999999
05.02.2020 14:00:00.000 GMT-0800,9633,9801,9474,9681,768.9685000000001
06.02.2020 14:00:00.000 GMT-0800,9681,9815,9598,9673,623.8201000000001
07.02.2020 14:00:00.000 GMT-0800,9673,9673,9673,9673,0
08.02.2020 14:00:00.000 GMT-0800,10002,10032,9999,10020,0.0378
09.02.2020 14:00:00.000 GMT-0800,10018,10137,9702,9811,684.4899999999999
10.02.2020 14:00:00.000 GMT-0800,9811,10329,9656,10187,693.3803
11.02.2020 14:00:00.000 GMT-0800,10187,10424,10165,10335,692.2079999999999
12.02.2020 14:00:00.000 GMT-0800,10335,10454,10031,10126,807.2579000000002
13.02.2020 14:00:00.000 GMT-0800,10126,10334,10047,10314,872.1054
14.02.2020 14:00:00.000 GMT-0800,10314,10314,10314,10314,0
15.02.2020 14:00:00.000 GMT-0800,9724,9734,9706,9714,0.0762
16.02.2020 14:00:00.000 GMT-0800,9711,9946,9418,9591,733.2910000000003
17.02.2020 14:00:00.000 GMT-0800,9588,10223,9556,10105,686.3074
18.02.2020 14:00:00.000 GMT-0800,10105,10246,9262,9560,735.0216000000001
19.02.2020 14:00:00.000 GMT-0800,9560,9651,9360,9554,636.6475999999999
20.02.2020 14:00:00.000 GMT-0800,9553,9713,9522,9660,687.4778
21.02.2020 14:00:00.000 GMT-0800,9660,9660,9660,9660,0
22.02.2020 14:00:00.000 GMT-0800,9830,9842,9828,9828,0.031
23.02.2020 14:00:00.000 GMT-0800,9828,9968,9431,9549,607.4461
24.02.2020 14:00:00.000 GMT-0800,9548,9620,9190,9328,444.5346
25.02.2020 14:00:00.000 GMT-0800,9327,9365,8570,8687,318.1735
26.02.2020 14:00:00.000 GMT-0800,8687,8914,8467,8698,552.0071999999999
27.02.2020 14:00:00.000 GMT-0800,8698,8843,8381,8560,824.3341999999999
28.02.2020 14:00:00.000 GMT-0800,8560,8560,8560,8560,0
29.02.2020 14:00:00.000 GMT-0800,8425,8471,8404,8455,0.1425
01.03.2020 14:00:00.000 GMT-0800,8457,8892,8433,8888,697.0164
02.03.2020 14:00:00.000 GMT-0800,8888,8916,8605,8680,577.3498000000001
03.03.2020 14:00:00.000 GMT-0800,8680,8790,8614,8678,509.9443000000001
04.03.2020 14:00:00.000 GMT-0800,8678,9113,8672,9059,742.3268
05.03.2020 14:00:00.000 GMT-0800,9059,9124,8943,9062,767.5138000000002
06.03.2020 14:00:00.000 GMT-0800,9062,9062,9062,9062,0
07.03.2020 14:00:00.000 GMT-0800,9062,9062,9062,9062,0
08.03.2020 14:00:00.000 GMT-0700,8215,8235,7580,7800,773.0391000000003
09.03.2020 14:00:00.000 GMT-0700,7799,8096,7680,7942,547.1348
10.03.2020 14:00:00.000 GMT-0700,7942,7980,7535,7804,580.1595
11.03.2020 14:00:00.000 GMT-0700,7804,7934,5542,5668,933.9614999999999
12.03.2020 14:00:00.000 GMT-0700,5668,5936,3851,5389,1067.2214999999999
13.03.2020 14:00:00.000 GMT-0700,5389,5389,5389,5389,0
14.03.2020 14:00:00.000 GMT-0700,5389,5389,5389,5389,0
15.03.2020 14:00:00.000 GMT-0700,5118,5897,4378,4849,1074.8479
16.03.2020 14:00:00.000 GMT-0700,4850,5448,4811,5411,1159.1124000000002
17.03.2020 14:00:00.000 GMT-0700,5411,5505,4967,5282,1180.5893999999998
18.03.2020 14:00:00.000 GMT-0700,5282,6336,5212,6199,1169.6039
19.03.2020 14:00:00.000 GMT-0700,6199,6888,5645,5916,1346.8471
20.03.2020 14:00:00.000 GMT-0700,5916,5916,5916,5916,0
21.03.2020 14:00:00.000 GMT-0700,5916,5916,5916,5916,0
22.03.2020 14:00:00.000 GMT-0700,5881,6579,5635,6357,1104.883
23.03.2020 14:00:00.000 GMT-0700,6357,6808,6305,6699,1165.2362
24.03.2020 14:00:00.000 GMT-0700,6699,6929,6417,6542,1075.9617000000003
25.03.2020 14:00:00.000 GMT-0700,6542,6738,6476,6691,922.1240999999999
26.03.2020 14:00:00.000 GMT-0700,6690,6811,6531,6627,706.7071000000001
27.03.2020 14:00:00.000 GMT-0700,6627,6627,6627,6627,0
28.03.2020 14:00:00.000 GMT-0700,6627,6627,6627,6627,0
29.03.2020 14:00:00.000 GMT-0700,5891,6467,5799,6423,893.8978000000001
30.03.2020 14:00:00.000 GMT-0700,6423,6572,6287,6424,857.4620999999999
31.03.2020 14:00:00.000 GMT-0700,6424,6439,6103,6295,856.8605
01.04.2020 14:00:00.000 GMT-0700,6295,7194,6294,6694,1211.4614
02.04.2020 14:00:00.000 GMT-0700,6690,6989,6562,6647,1180.8010000000002
03.04.2020 14:00:00.000 GMT-0700,6647,6647,6647,6647,0
04.04.2020 14:00:00.000 GMT-0700,6647,6647,6647,6647,0
05.04.2020 14:00:00.000 GMT-0700,6701,7266,6672,7173,1116.6702
06.04.2020 14:00:00.000 GMT-0700,7173,7411,7023,7065,1101.5324
07.04.2020 14:00:00.000 GMT-0700,7065,7371,7030,7266,1048.2164999999998
08.04.2020 14:00:00.000 GMT-0700,7266,7340,7060,7248,782.046
09.04.2020 14:00:00.000 GMT-0700,7248,7268,6696,6866,1015.2727999999998
10.04.2020 14:00:00.000 GMT-0700,6866,6866,6866,6866,0
11.04.2020 14:00:00.000 GMT-0700,6866,6866,6866,6866,0
12.04.2020 14:00:00.000 GMT-0700,7073,7097,6535,6771,907.1028000000001
13.04.2020 14:00:00.000 GMT-0700,6772,6929,6722,6817,996.6466
14.04.2020 14:00:00.000 GMT-0700,6817,6883,6636,6693,686.9103
15.04.2020 14:00:00.000 GMT-0700,6693,7095,6424,7003,943.6294999999998
16.04.2020 14:00:00.000 GMT-0700,7003,7156,6945,7004,968.4653999999999
17.04.2020 14:00:00.000 GMT-0700,7004,7004,7004,7004,0
18.04.2020 14:00:00.000 GMT-0700,7004,7004,7004,7004,0
19.04.2020 14:00:00.000 GMT-0700,7092,7167,6705,6810,1030.5636000000002
20.04.2020 14:00:00.000 GMT-0700,6810,6897,6719,6840,868.9962000000002
21.04.2020 14:00:00.000 GMT-0700,6840,7111,6772,7063,783.924
22.04.2020 14:00:00.000 GMT-0700,7063,7706,6980,7484,952.6870000000001
23.04.2020 14:00:00.000 GMT-0700,7484,7562,7341,7477,698.0361
24.04.2020 14:00:00.000 GMT-0700,7477,7477,7477,7477,0
25.04.2020 14:00:00.000 GMT-0700,7477,7477,7477,7477,0
26.04.2020 14:00:00.000 GMT-0700,7600,7742,7535,7654,772.1967999999999
27.04.2020 14:00:00.000 GMT-0700,7654,7740,7616,7680,791.8286000000002
28.04.2020 14:00:00.000 GMT-0700,7680,8917,7665,8878,1136.9605999999999
29.04.2020 14:00:00.000 GMT-0700,8878,9414,8356,8771,1501.607
30.04.2020 14:00:00.000 GMT-0700,8771,9014,8536,8676,1051.3193
01.05.2020 14:00:00.000 GMT-0700,8676,8676,8676,8676,0
02.05.2020 14:00:00.000 GMT-0700,8676,8676,8676,8676,0
03.05.2020 14:00:00.000 GMT-0700,8778,8909,8480,8866,951.3427000000001
04.05.2020 14:00:00.000 GMT-0700,8866,9065,8732,8899,951.4865000000001
05.05.2020 14:00:00.000 GMT-0700,8898,9340,8867,9197,1054.7829000000002
06.05.2020 14:00:00.000 GMT-0700,9197,9911,8989,9751,1193.5694
07.05.2020 14:00:00.000 GMT-0700,9751,10016,9677,9944,1151.0562999999997
08.05.2020 14:00:00.000 GMT-0700,9944,9944,9944,9944,0
09.05.2020 14:00:00.000 GMT-0700,9944,9944,9944,9944,0
10.05.2020 14:00:00.000 GMT-0700,8675,9116,8146,8580,1334.3591999999999
11.05.2020 14:00:00.000 GMT-0700,8580,8922,8426,8768,1194.6733000000002
12.05.2020 14:00:00.000 GMT-0700,8768,9287,8693,9246,1251.3452
13.05.2020 14:00:00.000 GMT-0700,9246,9889,9213,9603,1256.8628999999999
14.05.2020 14:00:00.000 GMT-0700,9603,9793,9092,9186,866.9855000000001
15.05.2020 14:00:00.000 GMT-0700,9186,9186,9186,9186,0
16.05.2020 14:00:00.000 GMT-0700,9186,9186,9186,9186,0
17.05.2020 14:00:00.000 GMT-0700,9676,9899,9415,9621,724.8217
18.05.2020 14:00:00.000 GMT-0700,9621,9841,9410,9638,1039.5514999999998
19.05.2020 14:00:00.000 GMT-0700,9638,9783,9259,9535,848.5646999999998
20.05.2020 14:00:00.000 GMT-0700,9535,9535,8748,9002,892.7840000000001
21.05.2020 14:00:00.000 GMT-0700,9002,9211,8876,9128,690.6516999999999
22.05.2020 14:00:00.000 GMT-0700,9128,9128,9128,9128,0
23.05.2020 14:00:00.000 GMT-0700,9128,9128,9128,9128,0
24.05.2020 14:00:00.000 GMT-0700,8944,9022,8581,8860,938.1555
25.05.2020 14:00:00.000 GMT-0700,8860,8962,8644,8803,725.4947000000002
26.05.2020 14:00:00.000 GMT-0700,8802,9173,8751,9111,481.9104
27.05.2020 14:00:00.000 GMT-0700,9111,9481,9001,9391,525.8281999999999
28.05.2020 14:00:00.000 GMT-0700,9391,9568,9285,9362,530.417
29.05.2020 14:00:00.000 GMT-0700,9362,9362,9362,9362,0
30.05.2020 14:00:00.000 GMT-0700,9362,9362,9362,9362,0
31.05.2020 14:00:00.000 GMT-0700,9450,9639,9334,9624,222.52450000000005
01.06.2020 14:00:00.000 GMT-0700,9624,10357,9246,9464,582.3325
02.06.2020 14:00:00.000 GMT-0700,9464,9592,9341,9528,497.6516
03.06.2020 14:00:00.000 GMT-0700,9528,9829,9405,9731,602.1793000000001
04.06.2020 14:00:00.000 GMT-0700,9731,9806,9567,9660,641.5621999999998
05.06.2020 14:00:00.000 GMT-0700,9660,9660,9660,9660,0
06.06.2020 14:00:00.000 GMT-0700,9660,9660,9660,9660,0
07.06.2020 14:00:00.000 GMT-0700,9671,9754,9599,9647,541.9835
08.06.2020 14:00:00.000 GMT-0700,9647,9835,9528,9693,571.8335000000001
09.06.2020 14:00:00.000 GMT-0700,9693,9959,9651,9812,618.7937
10.06.2020 14:00:00.000 GMT-0700,9812,9954,9038,9283,586.1053
11.06.2020 14:00:00.000 GMT-0700,9281,9496,9177,9408,500.6261999999999
12.06.2020 14:00:00.000 GMT-0700,9408,9408,9408,9408,0
13.06.2020 14:00:00.000 GMT-0700,9408,9408,9408,9408,0
14.06.2020 14:00:00.000 GMT-0700,9325,9433,8854,9426,586.7286
15.06.2020 14:00:00.000 GMT-0700,9426,9535,9329,9439,512.2108000000001
16.06.2020 14:00:00.000 GMT-0700,9439,9505,9189,9318,332.4248
17.06.2020 14:00:00.000 GMT-0700,9315,9423,9257,9288,335.6864999999999
18.06.2020 14:00:00.000 GMT-0700,9281,9374,9178,9259,347.62410000000006
19.06.2020 14:00:00.000 GMT-0700,9259,9259,9259,9259,0
20.06.2020 14:00:00.000 GMT-0700,9259,9259,9259,9259,0
21.06.2020 14:00:00.000 GMT-0700,9253,9611,9217,9590,226.65419999999997
22.06.2020 14:00:00.000 GMT-0700,9590,9731,9524,9575,420.2478999999999
23.06.2020 14:00:00.000 GMT-0700,9575,9612,9146,9233,327.71290000000005
24.06.2020 14:00:00.000 GMT-0700,9233,9264,8940,9219,371.5144
25.06.2020 14:00:00.000 GMT-0700,9219,9279,8976,9132,392.4339999999999
26.06.2020 14:00:00.000 GMT-0700,9132,9132,9132,9132,0
27.06.2020 14:00:00.000 GMT-0700,9132,9132,9132,9132,0
28.06.2020 14:00:00.000 GMT-0700,9053,9138,8963,9124,460.1338999999999
29.06.2020 14:00:00.000 GMT-0700,9124,9179,9008,9090,484.78679999999997
30.06.2020 14:00:00.000 GMT-0700,9091,9241,9037,9184,471.1514
01.07.2020 14:00:00.000 GMT-0700,9184,9210,8892,9025,554.2063999999999
02.07.2020 14:00:00.000 GMT-0700,9025,9102,9002,9037,438.57499999999993
03.07.2020 14:00:00.000 GMT-0700,9037,9037,9037,9037,0
04.07.2020 14:00:00.000 GMT-0700,8974,8988,8974,8980,0.023
05.07.2020 14:00:00.000 GMT-0700,8952,9295,8870,9220,194.8783
06.07.2020 14:00:00.000 GMT-0700,9220,9323,9151,9200,323.12339999999995
07.07.2020 14:00:00.000 GMT-0700,9199,9420,9175,9376,308.6462
08.07.2020 14:00:00.000 GMT-0700,9376,9416,9109,9182,277.4548
09.07.2020 14:00:00.000 GMT-0700,9182,9200,9070,9175,229.9916
10.07.2020 14:00:00.000 GMT-0700,9175,9175,9175,9175,0
11.07.2020 14:00:00.000 GMT-0700,9205,9207,9191,9192,0.0416
12.07.2020 14:00:00.000 GMT-0700,9176,9287,9145,9193,3.0510999999999995
13.07.2020 14:00:00.000 GMT-0700,9187,9223,9070,9217,1.1114
14.07.2020 14:00:00.000 GMT-0700,9217,9221,9101,9157,0.6728000000000002
15.07.2020 14:00:00.000 GMT-0700,9154,9173,8977,9047,0.9242000000000001
16.07.2020 14:00:00.000 GMT-0700,9046,9126,9023,9109,0.5751
17.07.2020 14:00:00.000 GMT-0700,9109,9109,9109,9109,0
18.07.2020 14:00:00.000 GMT-0700,9072,9082,9058,9075,0.0476
19.07.2020 14:00:00.000 GMT-0700,9117,9180,9082,9120,0.6532999999999999
20.07.2020 14:00:00.000 GMT-0700,9118,9381,9098,9323,0.8905
21.07.2020 14:00:00.000 GMT-0700,9319,9344,9230,9322,0.4977999999999999
22.07.2020 14:00:00.000 GMT-0700,9319,9622,9313,9534,0.7139000000000002
23.07.2020 14:00:00.000 GMT-0700,9535,9566,9421,9537,0.42269999999999996
24.07.2020 14:00:00.000 GMT-0700,9537,9537,9537,9537,0
25.07.2020 14:00:00.000 GMT-0700,9958,9959,9902,9921,0.0897
26.07.2020 14:00:00.000 GMT-0700,9826,10895,9819,10827,1.9576000000000002
27.07.2020 14:00:00.000 GMT-0700,10825,11351,10534,10920,2.2897000000000003
28.07.2020 14:00:00.000 GMT-0700,10933,11240,10795,11162,1.4815
29.07.2020 14:00:00.000 GMT-0700,11163,11294,10797,11092,1.4054000000000002
30.07.2020 14:00:00.000 GMT-0700,11098,11398,10922,11271,0.8490999999999999
31.07.2020 14:00:00.000 GMT-0700,11569,11797,11514,11779,0.3419
01.08.2020 14:00:00.000 GMT-0700,11196,11214,10907,11050,0.2265
02.08.2020 14:00:00.000 GMT-0700,11034,11424,10908,11315,1.0359000000000003
03.08.2020 14:00:00.000 GMT-0700,11335,11365,10986,11155,0.6244999999999999
04.08.2020 14:00:00.000 GMT-0700,11159,11669,11045,11628,0.564
05.08.2020 14:00:00.000 GMT-0700,11641,11857,11498,11794,0.7348
06.08.2020 14:00:00.000 GMT-0700,11806,11860,11294,11452,0.6762
07.08.2020 14:00:00.000 GMT-0700,11452,11452,11452,11452,0
08.08.2020 14:00:00.000 GMT-0700,11452,11452,11452,11452,0
09.08.2020 14:00:00.000 GMT-0700,11618,12026,11463,11803,1.2681999999999998
10.08.2020 14:00:00.000 GMT-0700,11802,11885,11080,11154,2.0625
11.08.2020 14:00:00.000 GMT-0700,11138,11568,11072,11508,1.3462
12.08.2020 14:00:00.000 GMT-0700,11507,11606,11223,11553,1.4476999999999998
13.08.2020 14:00:00.000 GMT-0700,11591,11805,11569,11760,2.1233999999999997
14.08.2020 14:00:00.000 GMT-0700,11760,11760,11760,11760,0
15.08.2020 14:00:00.000 GMT-0700,11760,11760,11760,11760,0
16.08.2020 14:00:00.000 GMT-0700,11793,12420,11719,12271,2.2526000000000006
17.08.2020 14:00:00.000 GMT-0700,12269,12359,11780,11974,2.8766000000000003
18.08.2020 14:00:00.000 GMT-0700,11969,12037,11539,11659,4.0539
19.08.2020 14:00:00.000 GMT-0700,11661,11835,11622,11807,2.7992
20.08.2020 14:00:00.000 GMT-0700,11804,11837,11557,11620,2.4787
21.08.2020 14:00:00.000 GMT-0700,11515,11553,11496,11551,0.359
22.08.2020 14:00:00.000 GMT-0700,11485,11500,11470,11477,0.1555
23.08.2020 14:00:00.000 GMT-0700,11612,11769,11540,11676,1.8551000000000002
24.08.2020 14:00:00.000 GMT-0700,11666,11730,11067,11208,2.9933
25.08.2020 14:00:00.000 GMT-0700,11220,11485,11200,11453,1.9241
26.08.2020 14:00:00.000 GMT-0700,11454,11537,11072,11208,2.5164
27.08.2020 14:00:00.000 GMT-0700,11206,11494,11199,11454,2.1201999999999996
28.08.2020 14:00:00.000 GMT-0700,11409,11484,11381,11464,0.1873
29.08.2020 14:00:00.000 GMT-0700,11507,11547,11502,11544,0.1795
30.08.2020 14:00:00.000 GMT-0700,11579,11723,11527,11622,1.5534999999999999
31.08.2020 14:00:00.000 GMT-0700,11618,12005,11488,11971,2.6048999999999998
01.09.2020 14:00:00.000 GMT-0700,11965,12005,11165,11343,2.6906
02.09.2020 14:00:00.000 GMT-0700,11340,11452,10495,10764,4.511699999999999
03.09.2020 14:00:00.000 GMT-0700,10757,10778,9893,10578,3.7449999999999997
04.09.2020 14:00:00.000 GMT-0700,10578,10612,9831,10063,4.589200000000001
05.09.2020 14:00:00.000 GMT-0700,10063,10272,9935,10211,4.309800000000001
06.09.2020 14:00:00.000 GMT-0700,10304,10327,9864,10131,4.371
07.09.2020 14:00:00.000 GMT-0700,10126,10422,9906,9995,4.8982
08.09.2020 14:00:00.000 GMT-0700,9981,10328,9840,10240,3.3981999999999997
09.09.2020 14:00:00.000 GMT-0700,10231,10470,10160,10284,1.9464000000000001
10.09.2020 14:00:00.000 GMT-0700,10284,10362,10188,10304,0.5174000000000001
11.09.2020 14:00:00.000 GMT-0700,10303,10459,10257,10419,0.7956000000000003
12.09.2020 14:00:00.000 GMT-0700,10415,10559,10197,10295,0.5921000000000001
13.09.2020 14:00:00.000 GMT-0700,10295,10741,10232,10673,0.7777999999999999
14.09.2020 14:00:00.000 GMT-0700,10673,10917,10607,10847,0.9474999999999998
15.09.2020 14:00:00.000 GMT-0700,10847,11076,10649,10978,1.0163
16.09.2020 14:00:00.000 GMT-0700,10977,11026,10733,10920,0.8955
17.09.2020 14:00:00.000 GMT-0700,10920,11020,10801,10864,0.6923999999999999
18.09.2020 14:00:00.000 GMT-0700,10864,11157,10861,11073,0.8192999999999999
19.09.2020 14:00:00.000 GMT-0700,11065,11071,10748,10836,0.6886999999999999
20.09.2020 14:00:00.000 GMT-0700,10830,10972,10286,10460,0.9883
21.09.2020 14:00:00.000 GMT-0700,10458,10516,10341,10496,0.7393
22.09.2020 14:00:00.000 GMT-0700,10494,10554,10120,10204,0.7544
23.09.2020 14:00:00.000 GMT-0700,10203,10711,10177,10612,0.9002
24.09.2020 14:00:00.000 GMT-0700,10609,10773,10542,10692,0.8999000000000001
25.09.2020 14:00:00.000 GMT-0700,10692,10801,10634,10701,0.8234999999999999
26.09.2020 14:00:00.000 GMT-0700,10696,10783,10577,10707,0.7247
27.09.2020 14:00:00.000 GMT-0700,10707,10938,10688,10850,0.7693000000000001
28.09.2020 14:00:00.000 GMT-0700,10848,10868,10621,10736,0.7232999999999999
29.09.2020 14:00:00.000 GMT-0700,10736,10847,10648,10687,0.6308
30.09.2020 14:00:00.000 GMT-0700,10685,10908,10432,10588,0.6475
01.10.2020 14:00:00.000 GMT-0700,10586,10642,10366,10520,0.8686000000000001
02.10.2020 14:00:00.000 GMT-0700,10521,10581,10441,10552,0.7426
03.10.2020 14:00:00.000 GMT-0700,10552,10676,10508,10631,0.593
04.10.2020 14:00:00.000 GMT-0700,10624,10758,10609,10724,0.6007999999999999
05.10.2020 14:00:00.000 GMT-0700,10719,10781,10514,10527,0.6076999999999999
06.10.2020 14:00:00.000 GMT-0700,10526,10662,10511,10641,0.5801999999999999
07.10.2020 14:00:00.000 GMT-0700,10641,10941,10520,10878,0.612
08.10.2020 14:00:00.000 GMT-0700,10878,11096,10819,11017,0.5680000000000001
09.10.2020 14:00:00.000 GMT-0700,11017,11463,11002,11347,0.6785
10.10.2020 14:00:00.000 GMT-0700,11343,11421,11248,11310,0.5206000000000001
11.10.2020 14:00:00.000 GMT-0700,11306,11577,11184,11547,0.7329000000000001
12.10.2020 14:00:00.000 GMT-0700,11547,11709,11295,11415,0.8187999999999999
13.10.2020 14:00:00.000 GMT-0700,11415,11532,11278,11372,0.6548
14.10.2020 14:00:00.000 GMT-0700,11372,11607,11249,11526,0.6545
15.10.2020 14:00:00.000 GMT-0700,11522,11530,11197,11298,0.7594
16.10.2020 14:00:00.000 GMT-0700,11293,11384,11249,11333,0.5357999999999999
17.10.2020 14:00:00.000 GMT-0700,11329,11475,11318,11424,0.37729999999999997
18.10.2020 14:00:00.000 GMT-0700,11420,11817,11396,11714,0.6677999999999998
19.10.2020 14:00:00.000 GMT-0700,11714,12036,11668,11885,0.8803999999999998
20.10.2020 14:00:00.000 GMT-0700,11885,12901,11866,12837,1.0438
21.10.2020 14:00:00.000 GMT-0700,12837,13231,12684,13105,1.0674000000000001
22.10.2020 14:00:00.000 GMT-0700,13102,13185,12712,12925,0.9389
23.10.2020 14:00:00.000 GMT-0700,12918,13153,12859,13090,0.6892
24.10.2020 14:00:00.000 GMT-0700,13090,13334,12885,13017,0.7152000000000001
25.10.2020 14:00:00.000 GMT-0700,13015,13230,12769,12997,0.9100999999999999
26.10.2020 14:00:00.000 GMT-0700,12997,13743,12984,13606,0.8507999999999999
27.10.2020 14:00:00.000 GMT-0700,13606,13836,12884,13196,1.1955000000000005
28.10.2020 14:00:00.000 GMT-0700,13196,13633,12966,13474,0.9166000000000001
29.10.2020 14:00:00.000 GMT-0700,13475,13681,13110,13636,1.1892
30.10.2020 14:00:00.000 GMT-0700,13615,14069,13406,13827,2.3707
31.10.2020 14:00:00.000 GMT-0700,13827,13880,13610,13800,2.777799999999999
01.11.2020 14:00:00.000 GMT-0800,13799,13821,13198,13603,1.1757
02.11.2020 14:00:00.000 GMT-0800,13603,13785,13276,13726,1.2075
03.11.2020 14:00:00.000 GMT-0800,13726,14256,13527,14000,1.1278000000000004
04.11.2020 14:00:00.000 GMT-0800,14000,15298,13984,15229,1.5282999999999998
05.11.2020 14:00:00.000 GMT-0800,15231,15951,15189,15529,1.8742000000000003
06.11.2020 14:00:00.000 GMT-0800,15522,15750,14355,14818,2.011
07.11.2020 14:00:00.000 GMT-0800,14806,15634,14665,15320,1.4491999999999998
08.11.2020 14:00:00.000 GMT-0800,15320,15835,14810,15368,1.6355
09.11.2020 14:00:00.000 GMT-0800,15367,15459,15077,15367,1.2607
10.11.2020 14:00:00.000 GMT-0800,15367,15976,15270,15820,1.3618000000000001
11.11.2020 14:00:00.000 GMT-0800,15820,16203,15462,16149,1.357
12.11.2020 14:00:00.000 GMT-0800,16149,16471,15955,16272,1.2813999999999999
13.11.2020 14:00:00.000 GMT-0800,16264,16349,15703,15982,2.7543999999999995
14.11.2020 14:00:00.000 GMT-0800,15979,16147,15802,15834,2.6558000000000006
15.11.2020 14:00:00.000 GMT-0800,15833,16869,15776,16685,1.3475
16.11.2020 14:00:00.000 GMT-0800,16685,17860,16554,17623,1.5143
17.11.2020 14:00:00.000 GMT-0800,17624,18465,17227,17766,2.0162
18.11.2020 14:00:00.000 GMT-0800,17766,18176,17343,17933,1.56
19.11.2020 14:00:00.000 GMT-0800,17933,18811,17705,18565,1.7336999999999998
20.11.2020 14:00:00.000 GMT-0800,18564,18955,18341,18648,3.5176000000000003
21.11.2020 14:00:00.000 GMT-0800,18643,18740,17603,18568,5.614000000000001
22.11.2020 14:00:00.000 GMT-0800,18571,18759,17988,18405,2.0927000000000002
23.11.2020 14:00:00.000 GMT-0800,18405,19420,18060,18925,1.9702000000000002
24.11.2020 14:00:00.000 GMT-0800,18920,19480,18624,18860,1.5178
25.11.2020 14:00:00.000 GMT-0800,18860,18910,16203,17031,2.8597
26.11.2020 14:00:00.000 GMT-0800,17030,17454,16425,16980,2.0816
27.11.2020 14:00:00.000 GMT-0800,16980,17870,16856,17741,1.7624
28.11.2020 14:00:00.000 GMT-0800,17730,18329,17520,18248,1.7182000000000002
29.11.2020 14:00:00.000 GMT-0800,18248,19858,18067,19357,2.117
30.11.2020 14:00:00.000 GMT-0800,19358,19893,18120,19036,3.1577
01.12.2020 14:00:00.000 GMT-0800,19036,19320,18318,19131,2.9176000000000006
02.12.2020 14:00:00.000 GMT-0800,19131,19593,18862,19440,2.1778
03.12.2020 14:00:00.000 GMT-0800,19433,19532,18685,18797,2.0168
04.12.2020 14:00:00.000 GMT-0800,18797,19162,18490,18998,1.8726999999999998
05.12.2020 14:00:00.000 GMT-0800,18992,19323,18862,19224,1.5295999999999998
06.12.2020 14:00:00.000 GMT-0800,19219,19404,18886,19059,1.6204000000000003
07.12.2020 14:00:00.000 GMT-0800,19053,19274,18596,18748,1.638
08.12.2020 14:00:00.000 GMT-0800,18744,18808,17620,18499,2.2952999999999997
09.12.2020 14:00:00.000 GMT-0800,18499,18622,17886,18324,1.6856
10.12.2020 14:00:00.000 GMT-0800,18323,18373,17566,18074,2.3226999999999998
11.12.2020 14:00:00.000 GMT-0800,18073,18830,18047,18778,1.5742
12.12.2020 14:00:00.000 GMT-0800,18777,19389,18706,19156,1.8041999999999998
13.12.2020 14:00:00.000 GMT-0800,19156,19313,18958,19176,1.859
14.12.2020 14:00:00.000 GMT-0800,19171,19537,19030,19404,1.8722000000000003
15.12.2020 14:00:00.000 GMT-0800,19394,21281,19279,21185,2.1098000000000003
16.12.2020 14:00:00.000 GMT-0800,21185,23742,21179,22763,4.7466
17.12.2020 14:00:00.000 GMT-0800,22762,23260,22340,22880,4.212999999999999
18.12.2020 14:00:00.000 GMT-0800,22874,24156,22771,23969,2.6437999999999997
19.12.2020 14:00:00.000 GMT-0800,23949,24270,23096,23389,3.6212000000000004
20.12.2020 14:00:00.000 GMT-0800,23389,24089,21932,23122,3.9453999999999994
21.12.2020 14:00:00.000 GMT-0800,23119,23600,22364,23418,3.9372999999999996
22.12.2020 14:00:00.000 GMT-0800,23418,24060,22790,23274,4.0248
23.12.2020 14:00:00.000 GMT-0800,23274,23536,22625,23382,3.663100000000001
24.12.2020 14:00:00.000 GMT-0800,23382,24619,23358,24390,2.7064999999999997
25.12.2020 14:00:00.000 GMT-0800,24389,26800,24340,26645,2.5197000000000003
26.12.2020 14:00:00.000 GMT-0800,26657,28357,25779,26347,4.281199999999999
27.12.2020 14:00:00.000 GMT-0800,26348,27450,26058,26574,4.3474
28.12.2020 14:00:00.000 GMT-0800,26574,27159,25827,26871,4.174
29.12.2020 14:00:00.000 GMT-0800,26871,28976,26870,28887,4.261900000000002
30.12.2020 14:00:00.000 GMT-0800,28887,29275,27970,28968,3.5136000000000007
31.12.2020 14:00:00.000 GMT-0800,28968,28968,28968,28968,0
01.01.2021 14:00:00.000 GMT-0800,29223,33297,29017,31680,3.3730999999999995
02.01.2021 14:00:00.000 GMT-0800,31654,34773,31437,33567,4.7002999999999995
03.01.2021 14:00:00.000 GMT-0800,33567,33641,27910,31025,4.9838000000000005
04.01.2021 14:00:00.000 GMT-0800,31023,34255,29924,33782,5.4724
05.01.2021 14:00:00.000 GMT-0800,33759,36511,33353,35918,5.1334
06.01.2021 14:00:00.000 GMT-0800,35919,40373,35770,39717,5.661400000000001
07.01.2021 14:00:00.000 GMT-0800,39716,41967,36586,40051,5.421400000000001
08.01.2021 14:00:00.000 GMT-0800,40054,41423,38765,40849,2.0209999999999995
09.01.2021 14:00:00.000 GMT-0800,40846,41436,34889,38005,2.385
10.01.2021 14:00:00.000 GMT-0800,38013,39026,30288,33927,5.541600000000001
11.01.2021 14:00:00.000 GMT-0800,33971,36588,32482,34664,2.4001999999999994
12.01.2021 14:00:00.000 GMT-0800,34664,37370,32340,37235,2.2459000000000002
13.01.2021 14:00:00.000 GMT-0800,37237,40074,36732,38726,2.0583
14.01.2021 14:00:00.000 GMT-0800,38720,39650,34384,36236,44894.1693
15.01.2021 14:00:00.000 GMT-0800,36234,37919,35524,35918,94128.55600000001
16.01.2021 14:00:00.000 GMT-0800,35918,36816,33832,36485,82073.8182
17.01.2021 14:00:00.000 GMT-0800,36546,37405,34755,36206,125384.5403
18.01.2021 14:00:00.000 GMT-0800,36206,37830,36054,36456,127534.57459999998
19.01.2021 14:00:00.000 GMT-0800,36456,36765,33383,34882,113758.02930000004
20.01.2021 14:00:00.000 GMT-0800,34878,35647,30959,31182,114972.90939999999
21.01.2021 14:00:00.000 GMT-0800,31186,33831,28778,33302,111774.03679999997
22.01.2021 14:00:00.000 GMT-0800,33301,33603,31416,32345,69480.0204
23.01.2021 14:00:00.000 GMT-0800,32342,33059,30935,31888,67653.7825
24.01.2021 14:00:00.000 GMT-0800,31889,34856,31655,32656,1.2676
25.01.2021 14:00:00.000 GMT-0800,32611,32808,30813,31994,1.4439999999999997
26.01.2021 14:00:00.000 GMT-0800,31988,32918,29207,30978,1.6944000000000001
27.01.2021 14:00:00.000 GMT-0800,30977,33315,29876,33224,1.7309
28.01.2021 14:00:00.000 GMT-0800,33224,38605,31974,34612,2.0188
29.01.2021 14:00:00.000 GMT-0800,34604,35332,32832,34674,0.8599000000000001
30.01.2021 14:00:00.000 GMT-0800,34674,34771,32184,32549,0.8402999999999998
31.01.2021 14:00:00.000 GMT-0800,32634,34682,32312,33640,1.5511999999999997
01.02.2021 14:00:00.000 GMT-0800,33640,35984,33432,35664,1.4965
02.02.2021 14:00:00.000 GMT-0800,35663,37432,35382,37272,1.3818
03.02.2021 14:00:00.000 GMT-0800,37273,38724,36197,37662,1.9686
04.02.2021 14:00:00.000 GMT-0800,37661,38328,36608,37835,1.553
05.02.2021 14:00:00.000 GMT-0800,37834,40936,37698,40068,1.0024000000000002
06.02.2021 14:00:00.000 GMT-0800,40065,40486,37383,38539,1.3078
07.02.2021 14:00:00.000 GMT-0800,38538,44779,38042,44662,1.4981000000000002
08.02.2021 14:00:00.000 GMT-0800,44662,48184,44273,47272,1.7643999999999997
09.02.2021 14:00:00.000 GMT-0800,47221,47332,43706,44978,1.5137
10.02.2021 14:00:00.000 GMT-0800,44933,48636,44000,46863,1.3804999999999998
11.02.2021 14:00:00.000 GMT-0800,46881,48890,46250,47907,1.6213
12.02.2021 14:00:00.000 GMT-0800,47908,48155,46242,47136,1.0969000000000004
13.02.2021 14:00:00.000 GMT-0800,47135,49644,46896,48808,1.1104
14.02.2021 14:00:00.000 GMT-0800,48808,49280,45891,48160,1.7044
15.02.2021 14:00:00.000 GMT-0800,48163,50545,47031,48535,1.9199000000000002
16.02.2021 14:00:00.000 GMT-0800,48535,52597,48492,52343,1.8381
17.02.2021 14:00:00.000 GMT-0800,52339,52512,50859,51991,1.2111
18.02.2021 14:00:00.000 GMT-0800,51991,56285,50731,55591,1.4887
19.02.2021 14:00:00.000 GMT-0800,55595,57452,55028,56483,0.7571999999999999
20.02.2021 14:00:00.000 GMT-0800,56485,58305,53977,57300,1.8218999999999999
21.02.2021 14:00:00.000 GMT-0800,57324,57619,47598,54884,2.0416000000000003
22.02.2021 14:00:00.000 GMT-0800,54884,54982,44905,47932,3.3203
23.02.2021 14:00:00.000 GMT-0800,47935,51374,46990,48714,2.3188999999999997
24.02.2021 14:00:00.000 GMT-0800,48720,52038,48027,48052,1.9379
25.02.2021 14:00:00.000 GMT-0800,48052,48794,44122,45628,2.5598
26.02.2021 14:00:00.000 GMT-0800,45628,48302,45037,46802,1.4100000000000001
27.02.2021 14:00:00.000 GMT-0800,46801,46808,42990,45178,2.5917999999999997
28.02.2021 14:00:00.000 GMT-0800,45208,49496,44825,48809,1.7731999999999999
01.03.2021 14:00:00.000 GMT-0800,48810,50199,47048,47398,1.7699
02.03.2021 14:00:00.000 GMT-0800,47397,52595,47341,50898,1.7233
03.03.2021 14:00:00.000 GMT-0800,50898,51757,47461,47872,2.1108000000000002
04.03.2021 14:00:00.000 GMT-0800,47879,49429,46276,49008,1.9635
05.03.2021 14:00:00.000 GMT-0800,49009,49338,47047,48550,1.1942
06.03.2021 14:00:00.000 GMT-0800,48550,51302,48467,50047,1.4964
07.03.2021 14:00:00.000 GMT-0800,50042,51951,49300,51834,1.5539
08.03.2021 14:00:00.000 GMT-0800,51834,54781,51398,54267,1.4879000000000004
09.03.2021 14:00:00.000 GMT-0800,54265,57340,53001,56888,1.7425
10.03.2021 14:00:00.000 GMT-0800,56883,57870,54268,57564,2.0765
11.03.2021 14:00:00.000 GMT-0800,57563,58100,55025,56920,1.6924
12.03.2021 14:00:00.000 GMT-0800,56921,61722,56056,60239,1.9261999999999997
13.03.2021 14:00:00.000 GMT-0800,61031,61625,60494,60899,0.4373
14.03.2021 14:00:00.000 GMT-0700,60220,60696,54677,56365,2.0313000000000003
15.03.2021 14:00:00.000 GMT-0700,56367,56910,53227,56340,1.9064
16.03.2021 14:00:00.000 GMT-0700,56340,58284,54132,57707,2.1488
17.03.2021 14:00:00.000 GMT-0700,57705,60059,57021,57449,1.8791000000000004
18.03.2021 14:00:00.000 GMT-0700,57450,59419,56255,58361,1.6208
19.03.2021 14:00:00.000 GMT-0700,58359,59820,57803,58500,0.9143000000000001
20.03.2021 14:00:00.000 GMT-0700,58500,58770,55504,57773,1.3598999999999999
21.03.2021 14:00:00.000 GMT-0700,57773,58381,54202,54509,1.9345999999999997
22.03.2021 14:00:00.000 GMT-0700,54509,55797,52961,54400,1.9921000000000002
23.03.2021 14:00:00.000 GMT-0700,54402,57166,53160,54004,1.7026999999999997
24.03.2021 14:00:00.000 GMT-0700,54003,54180,50405,51942,1.9813
25.03.2021 14:00:00.000 GMT-0700,51949,54252,51205,53956,2.1494
26.03.2021 14:00:00.000 GMT-0700,53960,56218,53951,55854,0.9962000000000001
27.03.2021 14:00:00.000 GMT-0700,55854,56564,54692,54792,1.1276999999999997
28.03.2021 14:00:00.000 GMT-0700,54789,58357,54774,57200,1.696
29.03.2021 14:00:00.000 GMT-0700,57192,59394,57022,58621,1.9181000000000001
30.03.2021 14:00:00.000 GMT-0700,58621,59785,56876,58917,2.0955999999999997
31.03.2021 14:00:00.000 GMT-0700,58919,59441,57930,58809,1.6891999999999998
01.04.2021 14:00:00.000 GMT-0700,58810,60052,58452,58626,1.2289000000000003
02.04.2021 14:00:00.000 GMT-0700,58620,59744,57793,58018,0.5204
03.04.2021 14:00:00.000 GMT-0700,58018,58449,56452,57999,0.8559999999999998
04.04.2021 14:00:00.000 GMT-0700,57997,59212,56806,58753,1.4736
05.04.2021 14:00:00.000 GMT-0700,58756,59426,57354,58197,1.2556000000000003
06.04.2021 14:00:00.000 GMT-0700,58197,58604,55435,56174,1.606
07.04.2021 14:00:00.000 GMT-0700,56176,58108,55675,57627,0.9881999999999999
08.04.2021 14:00:00.000 GMT-0700,57627,58840,57420,58280,1.1149
09.04.2021 14:00:00.000 GMT-0700,58279,61127,57821,58532,0.7108000000000001
10.04.2021 14:00:00.000 GMT-0700,58532,60620,58426,59623,0.8282999999999998
11.04.2021 14:00:00.000 GMT-0700,59623,61209,59373,59951,1.5036
12.04.2021 14:00:00.000 GMT-0700,59951,63704,59722,63152,1.6691999999999998
13.04.2021 14:00:00.000 GMT-0700,63153,64849,61287,62337,1.8399
14.04.2021 14:00:00.000 GMT-0700,62338,63605,62007,63359,1.4862
15.04.2021 14:00:00.000 GMT-0700,63360,63779,60016,61960,1.9755
16.04.2021 14:00:00.000 GMT-0700,61962,62521,59680,60824,0.7427
17.04.2021 14:00:00.000 GMT-0700,60824,60969,52258,56215,1.6042999999999996
18.04.2021 14:00:00.000 GMT-0700,56242,57554,54272,56161,1.8659999999999997
19.04.2021 14:00:00.000 GMT-0700,56161,57048,53380,56755,2.2546999999999997
20.04.2021 14:00:00.000 GMT-0700,56745,57060,54297,54943,2.0801999999999996
21.04.2021 14:00:00.000 GMT-0700,54954,55416,51448,51535,2.5183999999999997
22.04.2021 14:00:00.000 GMT-0700,51529,52187,47502,50525,2.7094
23.04.2021 14:00:00.000 GMT-0700,50527,51179,48734,50927,1.2006999999999999
24.04.2021 14:00:00.000 GMT-0700,50927,51002,47958,48086,1.3075000000000003
25.04.2021 14:00:00.000 GMT-0700,48094,54360,47058,53209,2.6865
26.04.2021 14:00:00.000 GMT-0700,53209,55337,52623,55158,1.9969
27.04.2021 14:00:00.000 GMT-0700,55158,56426,53857,54389,2.1017999999999994
28.04.2021 14:00:00.000 GMT-0700,54402,55174,52360,52937,1.9883000000000002
29.04.2021 14:00:00.000 GMT-0700,52939,57361,52795,56774,1.7721000000000002
30.04.2021 14:00:00.000 GMT-0700,56779,58487,56687,57692,0.8307000000000001
01.05.2021 14:00:00.000 GMT-0700,57688,57951,56065,56993,1.0261
02.05.2021 14:00:00.000 GMT-0700,56993,58939,56235,56762,1.6864000000000001
03.05.2021 14:00:00.000 GMT-0700,56764,57458,53229,54721,2.2675
04.05.2021 14:00:00.000 GMT-0700,54721,57914,52952,56848,2.0705
05.05.2021 14:00:00.000 GMT-0700,56849,58364,55279,55913,2.1008
06.05.2021 14:00:00.000 GMT-0700,55913,58656,55288,57639,2.5229999999999997
07.05.2021 14:00:00.000 GMT-0700,57642,59481,56778,58964,1.0357
08.05.2021 14:00:00.000 GMT-0700,58964,59216,56278,57893,1.1019
09.05.2021 14:00:00.000 GMT-0700,57885,59534,53709,55264,2.8642
10.05.2021 14:00:00.000 GMT-0700,55264,56891,54470,56859,2.783999999999999
11.05.2021 14:00:00.000 GMT-0700,56859,57952,53527,54424,2.904
12.05.2021 14:00:00.000 GMT-0700,54431,54752,45910,49260,3.0434999999999994
13.05.2021 14:00:00.000 GMT-0700,49261,51518,48410,49145,2.7397
14.05.2021 14:00:00.000 GMT-0700,49143,50664,46915,48197,1.3286
15.05.2021 14:00:00.000 GMT-0700,48194,49729,43816,44053,1.8752
16.05.2021 14:00:00.000 GMT-0700,44053,46591,42084,44766,3.1698
17.05.2021 14:00:00.000 GMT-0700,44765,45798,42406,43239,3.3801
18.05.2021 14:00:00.000 GMT-0700,43239,43537,29814,38296,3.1124
19.05.2021 14:00:00.000 GMT-0700,38296,42478,34972,40026,3.3086
20.05.2021 14:00:00.000 GMT-0700,40026,42217,35155,35210,3.4157999999999995
21.05.2021 14:00:00.000 GMT-0700,35186,38808,33502,38034,2.0816
22.05.2021 14:00:00.000 GMT-0700,38032,38352,31111,33645,3.0130000000000003
23.05.2021 14:00:00.000 GMT-0700,33629,39885,33625,38977,3.2203999999999993
24.05.2021 14:00:00.000 GMT-0700,38977,39794,36459,37604,3.3227
25.05.2021 14:00:00.000 GMT-0700,37604,40829,37447,38723,2.8091
26.05.2021 14:00:00.000 GMT-0700,38723,40349,37158,38445,2.3164000000000002
27.05.2021 14:00:00.000 GMT-0700,38445,39148,35100,35170,2.779
28.05.2021 14:00:00.000 GMT-0700,35173,37252,33618,34220,0.9552000000000002
29.05.2021 14:00:00.000 GMT-0700,34215,36453,33403,36031,2.8021000000000003
30.05.2021 14:00:00.000 GMT-0700,36031,37436,34154,36650,2.8735000000000004
31.05.2021 14:00:00.000 GMT-0700,36650,37866,35687,36274,2.7384999999999997
01.06.2021 14:00:00.000 GMT-0700,36272,38190,35900,37702,1.7743000000000002
02.06.2021 14:00:00.000 GMT-0700,37702,39439,37160,38655,2.2897000000000003
03.06.2021 14:00:00.000 GMT-0700,38656,39230,35553,37009,2.1261000000000005
04.06.2021 14:00:00.000 GMT-0700,37009,37872,35283,35803,1.6625999999999996
05.06.2021 14:00:00.000 GMT-0700,35803,36415,34813,35928,2.1864999999999997
06.06.2021 14:00:00.000 GMT-0700,35924,36750,34018,34402,2.0376999999999996
07.06.2021 14:00:00.000 GMT-0700,34403,34588,31016,33580,2.8425
08.06.2021 14:00:00.000 GMT-0700,33580,36916,32382,36363,2.484
09.06.2021 14:00:00.000 GMT-0700,36363,38376,35789,36441,2.6630999999999996
10.06.2021 14:00:00.000 GMT-0700,36441,37616,35947,37112,3.0429000000000004
11.06.2021 14:00:00.000 GMT-0700,37111,37440,34632,35968,1.6905000000000001
12.06.2021 14:00:00.000 GMT-0700,35968,39324,34755,39234,2.2914000000000003
13.06.2021 14:00:00.000 GMT-0700,39234,40984,38682,39797,2.6709
14.06.2021 14:00:00.000 GMT-0700,39797,41264,39536,39905,2.9193000000000007
15.06.2021 14:00:00.000 GMT-0700,39905,40444,38299,38480,2.5276000000000005
16.06.2021 14:00:00.000 GMT-0700,38480,39507,37357,37701,2.2346000000000004
17.06.2021 14:00:00.000 GMT-0700,37701,38164,35119,35456,2.1973
18.06.2021 14:00:00.000 GMT-0700,35458,36396,34833,36074,1.2874
19.06.2021 14:00:00.000 GMT-0700,36074,36116,33328,35781,1.7887
20.06.2021 14:00:00.000 GMT-0700,35772,35846,31706,32540,2.1832000000000003
21.06.2021 14:00:00.000 GMT-0700,32536,33265,28796,32858,2.5009999999999994
22.06.2021 14:00:00.000 GMT-0700,32858,34786,31690,33013,2.0766
23.06.2021 14:00:00.000 GMT-0700,33013,35243,32302,34812,1.6671000000000002
24.06.2021 14:00:00.000 GMT-0700,34809,35460,31463,32181,1.9479000000000002
25.06.2021 14:00:00.000 GMT-0700,32173,32637,30125,31260,1.6882999999999997
26.06.2021 14:00:00.000 GMT-0700,31260,33515,30911,32589,2.4225
27.06.2021 14:00:00.000 GMT-0700,32588,35253,32427,34638,1.9917
28.06.2021 14:00:00.000 GMT-0700,34619,36563,34096,36126,1.8673000000000004
29.06.2021 14:00:00.000 GMT-0700,36122,36277,34019,34537,1.2608
30.06.2021 14:00:00.000 GMT-0700,34525,35165,32706,33373,1.3854999999999997
01.07.2021 14:00:00.000 GMT-0700,33372,33925,32677,33092,1.1895000000000002
02.07.2021 14:00:00.000 GMT-0700,33093,34882,33054,34684,0.5549000000000001
03.07.2021 14:00:00.000 GMT-0700,34680,35634,34235,35501,0.48129999999999995
04.07.2021 14:00:00.000 GMT-0700,35482,35903,33113,33811,1.2414000000000003
05.07.2021 14:00:00.000 GMT-0700,33810,35059,33512,33908,1.3433
06.07.2021 14:00:00.000 GMT-0700,33908,35011,33614,34497,1.5751
07.07.2021 14:00:00.000 GMT-0700,34497,34501,32070,32771,1.4727
08.07.2021 14:00:00.000 GMT-0700,32769,33654,32237,33474,1.2383000000000002
09.07.2021 14:00:00.000 GMT-0700,33480,34216,32999,33288,0.44850000000000007
10.07.2021 14:00:00.000 GMT-0700,33288,34052,33237,33808,0.42040000000000005
11.07.2021 14:00:00.000 GMT-0700,33789,34622,32626,32806,0.8378000000000001
12.07.2021 14:00:00.000 GMT-0700,32802,33292,32164,32461,0.8390000000000003
13.07.2021 14:00:00.000 GMT-0700,32461,33062,31561,32762,0.9419000000000001
14.07.2021 14:00:00.000 GMT-0700,32761,33142,31107,31707,0.8642000000000001
15.07.2021 14:00:00.000 GMT-0700,31707,32210,31002,31786,0.9649999999999999
16.07.2021 14:00:00.000 GMT-0700,31786,31893,31134,31690,0.5069
17.07.2021 14:00:00.000 GMT-0700,31691,32386,31087,31598,0.3965000000000001
18.07.2021 14:00:00.000 GMT-0700,31597,31881,30420,30725,0.7826
19.07.2021 14:00:00.000 GMT-0700,30724,31016,29268,29812,0.8447
20.07.2021 14:00:00.000 GMT-0700,29816,32769,29462,31784,1.1420000000000001
21.07.2021 14:00:00.000 GMT-0700,31763,32556,31655,32201,1.0589000000000002
22.07.2021 14:00:00.000 GMT-0700,32198,32862,31970,32449,1.2110999999999996
23.07.2021 14:00:00.000 GMT-0700,32446,34468,32422,33888,0.4901
24.07.2021 14:00:00.000 GMT-0700,33892,34782,33789,34436,0.5548000000000001
25.07.2021 14:00:00.000 GMT-0700,34410,40491,34405,37691,2.7460999999999998
26.07.2021 14:00:00.000 GMT-0700,37695,38734,36365,37995,2.598299999999999
27.07.2021 14:00:00.000 GMT-0700,37995,40851,37926,39942,2.2622
28.07.2021 14:00:00.000 GMT-0700,39933,40595,39249,39667,1.8566
29.07.2021 14:00:00.000 GMT-0700,39675,41531,38308,40635,1.8036
30.07.2021 14:00:00.000 GMT-0700,40640,42317,40626,41492,0.7837000000000001
31.07.2021 14:00:00.000 GMT-0700,41492,42550,40607,41219,1.1193000000000004
01.08.2021 14:00:00.000 GMT-0700,41194,41277,38655,38807,1.3301
02.08.2021 14:00:00.000 GMT-0700,38806,39738,37610,38026,1.3604999999999998
03.08.2021 14:00:00.000 GMT-0700,38025,39814,37490,39710,1.2574
04.08.2021 14:00:00.000 GMT-0700,39707,41333,37307,40832,1.4281000000000001
05.08.2021 14:00:00.000 GMT-0700,40915,43310,39860,42623,1.2781
06.08.2021 14:00:00.000 GMT-0700,42563,44526,42501,43921,0.6330000000000001
07.08.2021 14:00:00.000 GMT-0700,43932,45296,43266,43810,2.2164999999999995
08.08.2021 14:00:00.000 GMT-0700,43810,46441,42791,45397,1.8406000000000002
09.08.2021 14:00:00.000 GMT-0700,45532,46663,44619,45569,1.2785
10.08.2021 14:00:00.000 GMT-0700,45576,46721,45204,46266,1.2327
11.08.2021 14:00:00.000 GMT-0700,46288,46348,43765,44420,1.3006999999999997
12.08.2021 14:00:00.000 GMT-0700,44474,47822,43849,47471,1.2326000000000001
13.08.2021 14:00:00.000 GMT-0700,47607,48113,46038,46621,1.0085
14.08.2021 14:00:00.000 GMT-0700,46621,47330,45496,46671,1.4193999999999998
15.08.2021 14:00:00.000 GMT-0700,46671,48007,45639,46014,1.6437000000000002
16.08.2021 14:00:00.000 GMT-0700,46010,47120,44500,44929,1.2361999999999997
17.08.2021 14:00:00.000 GMT-0700,44937,45977,44184,44475,1.2647
18.08.2021 14:00:00.000 GMT-0700,44476,46861,43918,46527,1.1307
19.08.2021 14:00:00.000 GMT-0700,46528,49053,46318,48624,1.2214
20.08.2021 14:00:00.000 GMT-0700,48626,49751,48257,48972,0.5035000000000001
21.08.2021 14:00:00.000 GMT-0700,48973,49435,48061,48373,1.5513000000000001
22.08.2021 14:00:00.000 GMT-0700,48373,50457,48231,49473,2.227
23.08.2021 14:00:00.000 GMT-0700,49474,49823,47726,48275,1.5674000000000001
24.08.2021 14:00:00.000 GMT-0700,48276,49111,47097,48635,1.2516
25.08.2021 14:00:00.000 GMT-0700,48662,49312,46290,46961,1.2838
26.08.2021 14:00:00.000 GMT-0700,46980,49122,46323,48874,2.7928
27.08.2021 14:00:00.000 GMT-0700,48874,49266,48352,48707,0.7847000000000001
28.08.2021 14:00:00.000 GMT-0700,48707,49607,47772,48877,0.9915
29.08.2021 14:00:00.000 GMT-0700,48877,49346,47351,48584,1.9667000000000001
30.08.2021 14:00:00.000 GMT-0700,48627,48631,46659,46938,1.2687
31.08.2021 14:00:00.000 GMT-0700,46914,49075,46500,48205,1.2988
01.09.2021 14:00:00.000 GMT-0700,48217,50332,48214,49491,1.408
02.09.2021 14:00:00.000 GMT-0700,49491,50977,48320,50102,1.6396
03.09.2021 14:00:00.000 GMT-0700,50097,50502,49380,50143,0.7459
04.09.2021 14:00:00.000 GMT-0700,50151,51664,49463,51614,0.9179999999999999
05.09.2021 14:00:00.000 GMT-0700,51617,52169,50976,51866,1.8149000000000004
06.09.2021 14:00:00.000 GMT-0700,51925,52884,42953,46756,1.7828000000000004
07.09.2021 14:00:00.000 GMT-0700,46810,47291,44413,45988,2.1163000000000003
08.09.2021 14:00:00.000 GMT-0700,45990,47348,45500,46198,1.3755000000000002
09.09.2021 14:00:00.000 GMT-0700,46204,46989,44712,45032,1.1778999999999997
10.09.2021 14:00:00.000 GMT-0700,45030,45943,44123,45273,0.8370000000000001
11.09.2021 14:00:00.000 GMT-0700,45269,46209,44715,45055,0.8991000000000002
12.09.2021 14:00:00.000 GMT-0700,45046,46800,43395,45122,2.5131
13.09.2021 14:00:00.000 GMT-0700,45123,46908,44631,46758,2.3189
14.09.2021 14:00:00.000 GMT-0700,46751,48382,46344,47869,2.4144
15.09.2021 14:00:00.000 GMT-0700,47888,48434,46973,47075,2.3750999999999998
16.09.2021 14:00:00.000 GMT-0700,47116,48104,46707,46938,1.9709999999999996
17.09.2021 14:00:00.000 GMT-0700,46936,48752,46752,47949,0.9606999999999999
18.09.2021 14:00:00.000 GMT-0700,47945,48328,47071,47546,0.9302
19.09.2021 14:00:00.000 GMT-0700,47545,47615,42500,43475,2.3526
20.09.2021 14:00:00.000 GMT-0700,43476,43864,40159,40868,2.5673
21.09.2021 14:00:00.000 GMT-0700,40902,43953,39559,43382,2.6627000000000005
22.09.2021 14:00:00.000 GMT-0700,43354,44875,42982,44636,2.7336000000000005
23.09.2021 14:00:00.000 GMT-0700,44641,45089,40706,42935,2.8348
24.09.2021 14:00:00.000 GMT-0700,42932,43168,41657,42624,1.0639
25.09.2021 14:00:00.000 GMT-0700,42624,43680,40765,43590,1.1771
26.09.2021 14:00:00.000 GMT-0700,43600,44301,42561,42632,2.1656999999999997
27.09.2021 14:00:00.000 GMT-0700,42632,43345,41061,41720,2.9350000000000005
28.09.2021 14:00:00.000 GMT-0700,41720,42534,40723,41065,1.8983
29.09.2021 14:00:00.000 GMT-0700,41065,44049,40907,43373,1.8622999999999998
30.09.2021 14:00:00.000 GMT-0700,43374,48123,43233,48074,2.1278
01.10.2021 14:00:00.000 GMT-0700,48075,48409,47403,47956,1.6560000000000001
02.10.2021 14:00:00.000 GMT-0700,47956,49145,47080,48407,2.4152
03.10.2021 14:00:00.000 GMT-0700,48403,49430,46872,48935,2.2254
04.10.2021 14:00:00.000 GMT-0700,48967,51716,48523,51407,2.2382999999999997
05.10.2021 14:00:00.000 GMT-0700,51437,55374,50363,54872,2.2081
06.10.2021 14:00:00.000 GMT-0700,54870,55692,53354,54120,2.128
07.10.2021 14:00:00.000 GMT-0700,54120,56032,53575,53935,2.2159999999999997
08.10.2021 14:00:00.000 GMT-0700,53932,55404,53640,54605,1.6602
09.10.2021 14:00:00.000 GMT-0700,54604,56422,54101,55363,2.7588000000000004
10.10.2021 14:00:00.000 GMT-0700,55330,57763,54347,57284,1.7260999999999995
11.10.2021 14:00:00.000 GMT-0700,57276,57594,53917,55306,2.0585
12.10.2021 14:00:00.000 GMT-0700,55305,57425,54217,56919,1.9860000000000004
13.10.2021 14:00:00.000 GMT-0700,56957,58452,56792,57377,1.8288000000000002
14.10.2021 14:00:00.000 GMT-0700,57412,62800,56821,62457,2.1459
15.10.2021 14:00:00.000 GMT-0700,62457,62478,60100,60952,1.9064999999999996
16.10.2021 14:00:00.000 GMT-0700,60947,61374,58939,59356,2.5217
17.10.2021 14:00:00.000 GMT-0700,59348,62620,59246,61305,1.6735000000000002
18.10.2021 14:00:00.000 GMT-0700,61306,64286,61073,64048,1.9904000000000002
19.10.2021 14:00:00.000 GMT-0700,64048,66924,63474,65927,1.8281
20.10.2021 14:00:00.000 GMT-0700,65881,66586,62034,62603,2.4925999999999995
21.10.2021 14:00:00.000 GMT-0700,62671,63672,59960,60661,2.1762
22.10.2021 14:00:00.000 GMT-0700,60662,61662,59641,61061,1.7792999999999997
23.10.2021 14:00:00.000 GMT-0700,61062,61428,59473,61096,2.1995
24.10.2021 14:00:00.000 GMT-0700,61089,63644,60593,62491,1.1092
25.10.2021 14:00:00.000 GMT-0700,62522,63223,61763,62030,1.7373999999999998
26.10.2021 14:00:00.000 GMT-0700,62031,62031,58049,58865,2.0624
27.10.2021 14:00:00.000 GMT-0700,58883,62399,57837,61331,2.1659
28.10.2021 14:00:00.000 GMT-0700,61290,62902,60139,62341,2.1586000000000003
29.10.2021 14:00:00.000 GMT-0700,62331,62445,60715,61629,1.4081000000000001
30.10.2021 14:00:00.000 GMT-0700,61631,62352,59966,60909,2.4580999999999995
31.10.2021 14:00:00.000 GMT-0700,60894,62423,59500,60630,1.5611
01.11.2021 14:00:00.000 GMT-0700,60569,64231,60390,63062,1.9604
02.11.2021 14:00:00.000 GMT-0700,63063,63493,60224,62669,1.8398
03.11.2021 14:00:00.000 GMT-0700,62708,63179,60669,61282,1.5528000000000002
04.11.2021 14:00:00.000 GMT-0700,61315,62562,60721,60917,1.5216
05.11.2021 14:00:00.000 GMT-0700,60915,61525,60049,61137,1.2382
06.11.2021 14:00:00.000 GMT-0700,61137,63045,61137,62799,1.6816999999999998
07.11.2021 14:00:00.000 GMT-0800,62897,66501,62739,66063,1.1881000000000002
08.11.2021 14:00:00.000 GMT-0800,66113,68480,66054,67688,1.5627000000000002
09.11.2021 14:00:00.000 GMT-0800,67648,68933,62886,64204,1.7318000000000002
10.11.2021 14:00:00.000 GMT-0800,63981,65534,63859,64989,1.4767
11.11.2021 14:00:00.000 GMT-0800,64993,65407,62248,64046,1.6167
12.11.2021 14:00:00.000 GMT-0800,64041,64896,63338,64293,1.3842
13.11.2021 14:00:00.000 GMT-0800,64297,65254,63561,64255,1.7837
14.11.2021 14:00:00.000 GMT-0800,64255,66297,63364,63820,1.1731
15.11.2021 14:00:00.000 GMT-0800,63805,63970,58612,60399,1.9813
16.11.2021 14:00:00.000 GMT-0800,60438,61105,58379,60040,2.1590000000000003
17.11.2021 14:00:00.000 GMT-0800,60020,60911,56595,57528,2.3465000000000003
18.11.2021 14:00:00.000 GMT-0800,57540,58342,55588,57804,1.9680000000000002
19.11.2021 14:00:00.000 GMT-0800,57802,59626,57370,59583,1.0677
20.11.2021 14:00:00.000 GMT-0800,59585,59991,58492,59454,2.1301000000000005
21.11.2021 14:00:00.000 GMT-0800,59469,59473,55600,56191,1.658
22.11.2021 14:00:00.000 GMT-0800,56250,57819,55351,57643,2.1118
23.11.2021 14:00:00.000 GMT-0800,57653,57693,55848,57262,1.6894
24.11.2021 14:00:00.000 GMT-0800,57284,59382,56815,58782,1.4958
25.11.2021 14:00:00.000 GMT-0800,58813,59293,53487,53963,1.9993999999999998
26.11.2021 14:00:00.000 GMT-0800,53969,55245,53492,54538,1.6378999999999995
27.11.2021 14:00:00.000 GMT-0800,54540,56350,53368,56251,2.0557000000000003
28.11.2021 14:00:00.000 GMT-0800,56398,58866,56028,58222,1.2618
29.11.2021 14:00:00.000 GMT-0800,58244,59177,55872,57058,1.9033000000000002
30.11.2021 14:00:00.000 GMT-0800,57025,59046,56433,56954,2.048
01.12.2021 14:00:00.000 GMT-0800,56968,57356,55793,56820,1.8858
02.12.2021 14:00:00.000 GMT-0800,56815,57597,51718,53595,1.9825999999999997
03.12.2021 14:00:00.000 GMT-0800,53594,53809,42387,48692,2.3497000000000003
04.12.2021 14:00:00.000 GMT-0800,48692,49690,47781,49157,2.6749
05.12.2021 14:00:00.000 GMT-0800,49177,50538,47183,50035,1.8971000000000005
06.12.2021 14:00:00.000 GMT-0800,50131,51923,50065,50449,1.7209999999999999
07.12.2021 14:00:00.000 GMT-0800,50479,51186,48625,50550,1.5641000000000003
08.12.2021 14:00:00.000 GMT-0800,50569,50791,47280,47938,1.8698000000000001
09.12.2021 14:00:00.000 GMT-0800,47958,50047,47257,47891,2.0803000000000003
10.12.2021 14:00:00.000 GMT-0800,47879,49223,46735,48747,1.4525999999999997
11.12.2021 14:00:00.000 GMT-0800,48747,50729,48616,49898,1.7813999999999999
12.12.2021 14:00:00.000 GMT-0800,49939,50357,45746,46756,1.9990000000000003
13.12.2021 14:00:00.000 GMT-0800,46757,48613,46258,48234,1.8287999999999998
14.12.2021 14:00:00.000 GMT-0800,48252,49440,46528,49118,1.8806
15.12.2021 14:00:00.000 GMT-0800,49172,49392,47615,48052,1.4583
16.12.2021 14:00:00.000 GMT-0800,48052,48104,45439,46812,1.5195999999999998
17.12.2021 14:00:00.000 GMT-0800,46813,47298,45470,46916,0.9433000000000001
18.12.2021 14:00:00.000 GMT-0800,46904,48245,46399,46681,1.0493000000000001
19.12.2021 14:00:00.000 GMT-0800,46635,47499,45521,46941,1.6219
20.12.2021 14:00:00.000 GMT-0800,46956,49279,46610,49040,1.3728000000000002
21.12.2021 14:00:00.000 GMT-0800,49019,49520,48405,48994,1.3071
22.12.2021 14:00:00.000 GMT-0800,49010,51333,48011,50778,1.2406999999999997
23.12.2021 14:00:00.000 GMT-0800,50799,51792,50392,50844,1.2199
24.12.2021 14:00:00.000 GMT-0800,50844,51089,50145,50931,0.5475
25.12.2021 14:00:00.000 GMT-0800,50929,50983,49436,50762,0.9332
26.12.2021 14:00:00.000 GMT-0800,50803,52013,50420,50920,1.2271999999999998
27.12.2021 14:00:00.000 GMT-0800,50919,51181,47272,47511,1.6453000000000002
28.12.2021 14:00:00.000 GMT-0800,47493,48090,46559,47173,1.4251
29.12.2021 14:00:00.000 GMT-0800,47130,47848,45938,47235,1.1405999999999998
30.12.2021 14:00:00.000 GMT-0800,47208,48512,46690,47429,1.0548
31.12.2021 14:00:00.000 GMT-0800,46974,47876,46806,47267,0.1815
01.01.2022 14:00:00.000 GMT-0800,47261,47919,46635,46967,0.8699
02.01.2022 14:00:00.000 GMT-0800,46989,47519,45700,45942,1.2987
03.01.2022 14:00:00.000 GMT-0800,45932,47482,45503,46173,1.3432999999999997
04.01.2022 14:00:00.000 GMT-0800,46090,47001,43402,43548,1.7032
05.01.2022 14:00:00.000 GMT-0800,43625,43722,42393,43067,1.7876
06.01.2022 14:00:00.000 GMT-0800,43073,43181,40620,41819,2.0461
07.01.2022 14:00:00.000 GMT-0800,41818,42159,40551,41735,1.1034999999999997
08.01.2022 14:00:00.000 GMT-0800,41733,42725,41251,42259,1.2137
09.01.2022 14:00:00.000 GMT-0800,42245,42434,39604,41664,1.4326999999999999
10.01.2022 14:00:00.000 GMT-0800,41696,43054,41231,42620,1.3753000000000002
11.01.2022 14:00:00.000 GMT-0800,42631,44253,42424,43728,1.5688
12.01.2022 14:00:00.000 GMT-0800,43731,44382,42277,42766,1.63
13.01.2022 14:00:00.000 GMT-0800,42762,43395,41732,43256,1.5374999999999999
14.01.2022 14:00:00.000 GMT-0800,43256,43756,42536,43274,0.8581000000000001
15.01.2022 14:00:00.000 GMT-0800,43274,43423,42560,42916,1.0581
16.01.2022 14:00:00.000 GMT-0800,42926,43234,41565,41675,1.1709
17.01.2022 14:00:00.000 GMT-0800,41652,42437,41247,42332,1.9039
18.01.2022 14:00:00.000 GMT-0800,42339,42617,41107,41669,1.4985
19.01.2022 14:00:00.000 GMT-0800,41674,43452,41270,41278,1.1407999999999998
20.01.2022 14:00:00.000 GMT-0800,41170,41568,36133,36661,2.0131000000000006
21.01.2022 14:00:00.000 GMT-0800,36661,37149,33983,35395,1.4935
22.01.2022 14:00:00.000 GMT-0800,35366,36103,34599,35322,0.47170000000000006
23.01.2022 14:00:00.000 GMT-0800,35328,37491,32926,36780,1.4774
24.01.2022 14:00:00.000 GMT-0800,36730,37551,35668,36515,1.6248
25.01.2022 14:00:00.000 GMT-0800,36538,38858,36290,36291,2.0907999999999993
26.01.2022 14:00:00.000 GMT-0800,36297,37140,35487,36144,1.7566
27.01.2022 14:00:00.000 GMT-0800,36098,37944,35850,37765,1.7746000000000004
28.01.2022 14:00:00.000 GMT-0800,37744,38678,37293,38330,0.9192
29.01.2022 14:00:00.000 GMT-0800,38330,38365,37335,37717,1.9206
30.01.2022 14:00:00.000 GMT-0800,37717,38687,36642,38382,1.2952000000000001
31.01.2022 14:00:00.000 GMT-0800,38376,39215,38036,38755,1.6055000000000004
01.02.2022 14:00:00.000 GMT-0800,38781,38847,36582,36876,1.2142000000000002
02.02.2022 14:00:00.000 GMT-0800,37038,37238,36219,36907,1.2825
03.02.2022 14:00:00.000 GMT-0800,36886,40847,36768,40587,1.5876000000000001
04.02.2022 14:00:00.000 GMT-0800,40586,41905,40350,41635,0.7202000000000002
05.02.2022 14:00:00.000 GMT-0800,41623,42143,41136,41635,0.3165
06.02.2022 14:00:00.000 GMT-0800,41635,44456,41523,44040,1.4182000000000001
07.02.2022 14:00:00.000 GMT-0800,44056,45431,42658,44169,1.5516
08.02.2022 14:00:00.000 GMT-0800,44206,44780,43129,44461,1.4771
09.02.2022 14:00:00.000 GMT-0800,44461,45791,43166,43697,1.3189999999999997
10.02.2022 14:00:00.000 GMT-0800,43697,44156,42038,42546,1.3068000000000002
11.02.2022 14:00:00.000 GMT-0800,42546,43063,41710,41845,0.34479999999999994
12.02.2022 14:00:00.000 GMT-0800,41834,42759,41786,42269,0.30069999999999997
13.02.2022 14:00:00.000 GMT-0800,42269,42893,41510,42189,0.9719000000000001
14.02.2022 14:00:00.000 GMT-0800,42226,44529,42188,43964,1.0503000000000002
15.02.2022 14:00:00.000 GMT-0800,43964,44714,43336,44032,0.9047999999999999
16.02.2022 14:00:00.000 GMT-0800,44034,44137,40039,40641,1.1786
17.02.2022 14:00:00.000 GMT-0800,40583,40992,39424,39951,0.9737
18.02.2022 14:00:00.000 GMT-0800,39941,40436,39619,39990,0.3573
19.02.2022 14:00:00.000 GMT-0800,39990,40198,38010,38220,0.28850000000000003
20.02.2022 14:00:00.000 GMT-0800,38220,39437,36971,37014,1.1594
21.02.2022 14:00:00.000 GMT-0800,36859,38331,36319,37846,1.3331
22.02.2022 14:00:00.000 GMT-0800,37831,39280,37371,37479,0.8234000000000002
23.02.2022 14:00:00.000 GMT-0800,37474,39640,34300,38359,2.5537999999999994
24.02.2022 14:00:00.000 GMT-0800,38395,39718,37735,39011,1.1458000000000002
25.02.2022 14:00:00.000 GMT-0800,39011,40235,38652,39416,0.88
26.02.2022 14:00:00.000 GMT-0800,39415,39882,37000,37391,1.1197
27.02.2022 14:00:00.000 GMT-0800,37391,41891,37328,41594,1.3178000000000003
28.02.2022 14:00:00.000 GMT-0800,41627,44986,41586,43904,1.7192
01.03.2022 14:00:00.000 GMT-0800,43904,45250,43306,44019,1.3598
02.03.2022 14:00:00.000 GMT-0800,44087,44320,41794,42154,0.8873999999999999
03.03.2022 14:00:00.000 GMT-0800,42154,42655,39036,39351,1.4062000000000001
04.03.2022 14:00:00.000 GMT-0800,39352,39561,38556,39328,0.7847
05.03.2022 14:00:00.000 GMT-0800,39322,39662,38089,39032,0.7381000000000002
06.03.2022 14:00:00.000 GMT-0800,39032,39563,37119,37794,1.4659000000000002
07.03.2022 14:00:00.000 GMT-0800,37759,39318,37758,38455,1.7467000000000001
08.03.2022 14:00:00.000 GMT-0800,38465,42587,38449,41907,1.431
09.03.2022 14:00:00.000 GMT-0800,41907,42089,38556,39275,1.2860999999999998
10.03.2022 14:00:00.000 GMT-0800,39270,40205,38190,38801,1.6279999999999997
11.03.2022 14:00:00.000 GMT-0800,38801,39402,38346,38636,1.7894
12.03.2022 14:00:00.000 GMT-0800,38859,39254,38793,39108,0.2319
13.03.2022 14:00:00.000 GMT-0700,38637,39280,37528,38760,1.3865999999999998
14.03.2022 14:00:00.000 GMT-0700,38760,39861,38189,39393,1.0315
15.03.2022 14:00:00.000 GMT-0700,39394,41643,38877,41202,1.5059000000000002
16.03.2022 14:00:00.000 GMT-0700,41205,41431,40500,40665,0.9714999999999998
17.03.2022 14:00:00.000 GMT-0700,40665,42347,40144,41708,1.0003000000000002
18.03.2022 14:00:00.000 GMT-0700,41770,42402,41481,42161,0.9297
19.03.2022 14:00:00.000 GMT-0700,42161,42396,40882,41245,1.2636
20.03.2022 14:00:00.000 GMT-0700,41244,41505,40481,41080,0.9157999999999998
21.03.2022 14:00:00.000 GMT-0700,41080,43270,40903,42588,1.2374000000000005
22.03.2022 14:00:00.000 GMT-0700,42588,42904,41724,42391,0.896
23.03.2022 14:00:00.000 GMT-0700,42391,44266,42244,43915,1.1681000000000001
24.03.2022 14:00:00.000 GMT-0700,43915,45116,43560,44615,1.1886999999999996
25.03.2022 14:00:00.000 GMT-0700,44615,44630,44049,44289,0.3606
26.03.2022 14:00:00.000 GMT-0700,44307,46556,44307,46067,0.6198000000000001
27.03.2022 14:00:00.000 GMT-0700,46072,48229,45806,47884,0.7525999999999999
28.03.2022 14:00:00.000 GMT-0700,47883,48130,46887,47429,1.1323000000000003
29.03.2022 14:00:00.000 GMT-0700,47402,47735,46541,47295,1.1381
30.03.2022 14:00:00.000 GMT-0700,47295,47645,45478,45712,1.0647000000000002
31.03.2022 14:00:00.000 GMT-0700,45703,46660,44196,46117,0.7854000000000001
01.04.2022 14:00:00.000 GMT-0700,46263,47154,45601,46138,0.6289000000000001
02.04.2022 14:00:00.000 GMT-0700,46138,46782,45516,46365,0.7631999999999998
03.04.2022 14:00:00.000 GMT-0700,46365,47452,45109,46343,1.1312
04.04.2022 14:00:00.000 GMT-0700,46276,47213,45496,45839,0.8515000000000001
05.04.2022 14:00:00.000 GMT-0700,45839,46000,43222,43843,1.0460999999999998
06.04.2022 14:00:00.000 GMT-0700,43805,43941,42719,43533,0.7673
07.04.2022 14:00:00.000 GMT-0700,43533,43997,42403,42781,0.8587
08.04.2022 14:00:00.000 GMT-0700,42608,42727,42052,42398,0.5795000000000001
09.04.2022 14:00:00.000 GMT-0700,42398,43453,42380,43080,0.5028
10.04.2022 14:00:00.000 GMT-0700,43051,43249,39526,39801,0.8208
11.04.2022 14:00:00.000 GMT-0700,39810,40659,39244,39534,0.8334999999999998
12.04.2022 14:00:00.000 GMT-0700,39534,41544,39461,41203,0.6538999999999999
13.04.2022 14:00:00.000 GMT-0700,41202,41451,39535,39863,0.7681999999999999
14.04.2022 14:00:00.000 GMT-0700,39831,40795,39725,40353,0.5994999999999999
15.04.2022 14:00:00.000 GMT-0700,40341,40635,39971,40247,0.8927000000000004
16.04.2022 14:00:00.000 GMT-0700,40223,40642,39848,40227,0.5625999999999999
17.04.2022 14:00:00.000 GMT-0700,40207,40940,38515,40627,0.6975
18.04.2022 14:00:00.000 GMT-0700,40616,41698,40540,41249,0.6776999999999999
19.04.2022 14:00:00.000 GMT-0700,41236,42153,40872,41381,0.7662
20.04.2022 14:00:00.000 GMT-0700,41370,42990,40508,40559,0.5423
21.04.2022 14:00:00.000 GMT-0700,40522,40877,39147,39564,0.8012999999999998
22.04.2022 14:00:00.000 GMT-0700,39560,39930,39231,39750,1.0946999999999998
23.04.2022 14:00:00.000 GMT-0700,39750,39905,38994,39463,0.7129000000000003
24.04.2022 14:00:00.000 GMT-0700,39456,40335,38177,40136,0.9882
25.04.2022 14:00:00.000 GMT-0700,40109,40742,37696,38082,0.9189999999999998
26.04.2022 14:00:00.000 GMT-0700,38031,39418,37694,39063,0.9955999999999998
27.04.2022 14:00:00.000 GMT-0700,39042,40407,38848,39851,0.9303999999999999
28.04.2022 14:00:00.000 GMT-0700,39787,39925,38141,38514,0.8112
29.04.2022 14:00:00.000 GMT-0700,38514,38796,38196,38376,0.7015000000000002
30.04.2022 14:00:00.000 GMT-0700,38376,38618,37380,38276,0.8339000000000002
01.05.2022 14:00:00.000 GMT-0700,38250,39121,38081,38274,1.0625
02.05.2022 14:00:00.000 GMT-0700,38249,38847,37488,37727,0.6193
03.05.2022 14:00:00.000 GMT-0700,37725,39969,37564,39767,1.0456
04.05.2022 14:00:00.000 GMT-0700,39737,39817,35549,36418,1.1818
05.05.2022 14:00:00.000 GMT-0700,36360,36622,35248,36026,1.4957
06.05.2022 14:00:00.000 GMT-0700,36013,36061,35640,35704,1.1817
07.05.2022 14:00:00.000 GMT-0700,35702,35764,33711,34188,1.6072000000000002
08.05.2022 14:00:00.000 GMT-0700,34158,34431,30316,30948,1.5923
09.05.2022 14:00:00.000 GMT-0700,30919,32607,29777,30956,1.9897
10.05.2022 14:00:00.000 GMT-0700,30882,32111,28211,28424,3.3438000000000003
11.05.2022 14:00:00.000 GMT-0700,28279,30113,25340,28495,2.5881
12.05.2022 14:00:00.000 GMT-0700,28495,30927,27886,29739,1.4391
13.05.2022 14:00:00.000 GMT-0700,29689,30029,28512,29278,1.9443
14.05.2022 14:00:00.000 GMT-0700,29278,31111,29273,30990,1.3860000000000003
15.05.2022 14:00:00.000 GMT-0700,30990,31380,29040,29858,1.6035000000000001
16.05.2022 14:00:00.000 GMT-0700,29829,30741,29380,30034,1.5501000000000003
17.05.2022 14:00:00.000 GMT-0700,29995,30626,28661,29159,1.6794999999999995
18.05.2022 14:00:00.000 GMT-0700,29138,30454,28562,30184,1.8479999999999999
19.05.2022 14:00:00.000 GMT-0700,30153,30679,28652,29074,1.8704
20.05.2022 14:00:00.000 GMT-0700,29033,29549,28850,29321,1.1505
21.05.2022 14:00:00.000 GMT-0700,29321,30297,29177,29862,1.4393999999999998
22.05.2022 14:00:00.000 GMT-0700,29841,30665,28952,29251,1.7966
23.05.2022 14:00:00.000 GMT-0700,29251,29642,28587,29368,0.9538000000000001
24.05.2022 14:00:00.000 GMT-0700,29417,30121,29257,29697,0.8664000000000001
25.05.2022 14:00:00.000 GMT-0700,29705,29786,27947,29369,1.2518999999999998
26.05.2022 14:00:00.000 GMT-0700,29391,29589,28192,28674,1.4948000000000001
27.05.2022 14:00:00.000 GMT-0700,28659,29175,28435,28936,1.3039
28.05.2022 14:00:00.000 GMT-0700,28936,29397,28753,29099,1.4451999999999998
29.05.2022 14:00:00.000 GMT-0700,29099,31330,29081,31298,0.9153000000000001
30.05.2022 14:00:00.000 GMT-0700,31219,32418,31151,31716,0.8179
31.05.2022 14:00:00.000 GMT-0700,31719,31907,29254,29551,1.0392000000000001
01.06.2022 14:00:00.000 GMT-0700,29582,30419,29436,30162,0.8021
02.06.2022 14:00:00.000 GMT-0700,30175,30609,29265,29572,0.9677999999999998
03.06.2022 14:00:00.000 GMT-0700,29571,29995,29454,29681,1.026
04.06.2022 14:00:00.000 GMT-0700,29683,30111,29454,29862,1.7508999999999997
05.06.2022 14:00:00.000 GMT-0700,29862,31673,29735,31373,1.2438
06.06.2022 14:00:00.000 GMT-0700,31361,31514,29152,31289,1.4168999999999998
07.06.2022 14:00:00.000 GMT-0700,31409,31457,29796,30140,2.3766000000000003
08.06.2022 14:00:00.000 GMT-0700,30133,30639,29884,30118,2.1069
09.06.2022 14:00:00.000 GMT-0700,30108,30290,28791,29142,2.1843000000000004
10.06.2022 14:00:00.000 GMT-0700,29100,29346,28053,28336,1.8111
11.06.2022 14:00:00.000 GMT-0700,28337,28621,26833,27302,2.2733999999999996
12.06.2022 14:00:00.000 GMT-0700,27275,27435,22555,23167,2.817
13.06.2022 14:00:00.000 GMT-0700,23159,23285,20781,21926,2.8236
14.06.2022 14:00:00.000 GMT-0700,21974,22257,20037,21600,2.6501
15.06.2022 14:00:00.000 GMT-0700,21629,22914,20440,20635,2.5641
16.06.2022 14:00:00.000 GMT-0700,20597,21287,20164,20595,2.6489000000000003
17.06.2022 14:00:00.000 GMT-0700,20567,20685,17520,17714,2.8806999999999996
18.06.2022 14:00:00.000 GMT-0700,17716,20641,17674,20573,2.7237000000000005
19.06.2022 14:00:00.000 GMT-0700,20555,20996,19582,20392,2.6607
20.06.2022 14:00:00.000 GMT-0700,20364,21655,20203,20800,2.5296
21.06.2022 14:00:00.000 GMT-0700,20779,20990,19718,19818,2.4648
22.06.2022 14:00:00.000 GMT-0700,19812,21054,19774,20758,2.3226999999999998
23.06.2022 14:00:00.000 GMT-0700,20756,21391,20610,21113,2.3735000000000004
24.06.2022 14:00:00.000 GMT-0700,21121,21545,20864,21176,2.0013
25.06.2022 14:00:00.000 GMT-0700,21176,21823,21083,21338,1.9048999999999998
26.06.2022 14:00:00.000 GMT-0700,21327,21469,20472,20861,2.0219
27.06.2022 14:00:00.000 GMT-0700,20861,21156,20146,20216,2.1845
28.06.2022 14:00:00.000 GMT-0700,20189,20395,19805,20165,2.2001
29.06.2022 14:00:00.000 GMT-0700,20131,20281,18591,18698,2.1764
30.06.2022 14:00:00.000 GMT-0700,18683,20830,18639,19371,2.4666000000000006
01.07.2022 14:00:00.000 GMT-0700,19337,19425,18897,19175,1.4649999999999996
02.07.2022 14:00:00.000 GMT-0700,19175,19588,18738,19387,1.7514999999999996
03.07.2022 14:00:00.000 GMT-0700,19353,20045,19000,19726,1.9452999999999998
04.07.2022 14:00:00.000 GMT-0700,19701,20687,19251,20405,2.2409999999999997
05.07.2022 14:00:00.000 GMT-0700,20396,20424,19715,20346,2.3301
06.07.2022 14:00:00.000 GMT-0700,20333,21792,20215,21573,2.1415
07.07.2022 14:00:00.000 GMT-0700,21557,22424,21146,21791,2.3879000000000006
08.07.2022 14:00:00.000 GMT-0700,21781,21944,21279,21637,1.9606
09.07.2022 14:00:00.000 GMT-0700,21636,21702,20619,20936,2.2375
10.07.2022 14:00:00.000 GMT-0700,20913,21103,20223,20374,3.0021000000000004
11.07.2022 14:00:00.000 GMT-0700,20369,20369,19234,19404,2.4911000000000003
12.07.2022 14:00:00.000 GMT-0700,19386,20045,18877,19622,2.496
13.07.2022 14:00:00.000 GMT-0700,19616,20844,19587,20633,3.3240999999999996
14.07.2022 14:00:00.000 GMT-0700,20621,21145,20337,20886,2.3840999999999997
15.07.2022 14:00:00.000 GMT-0700,20864,21537,20412,21165,1.914
16.07.2022 14:00:00.000 GMT-0700,21166,21612,20790,20891,2.1413000000000006
17.07.2022 14:00:00.000 GMT-0700,20867,22735,20716,21450,1.9624
18.07.2022 14:00:00.000 GMT-0700,21446,23653,21411,23263,1.8294
19.07.2022 14:00:00.000 GMT-0700,23290,24240,22891,23216,1.7235000000000005
20.07.2022 14:00:00.000 GMT-0700,23243,23754,22310,23083,1.5467999999999997
21.07.2022 14:00:00.000 GMT-0700,23085,23719,22475,22563,1.6735
22.07.2022 14:00:00.000 GMT-0700,22541,22940,21912,22285,1.92
23.07.2022 14:00:00.000 GMT-0700,22285,22864,22182,22683,2.1578000000000004
24.07.2022 14:00:00.000 GMT-0700,22661,22970,21527,22131,1.6638999999999997
25.07.2022 14:00:00.000 GMT-0700,22118,22128,20691,20943,1.4576
26.07.2022 14:00:00.000 GMT-0700,20940,23062,20794,22743,1.4175999999999997
27.07.2022 14:00:00.000 GMT-0700,22752,24156,22556,23991,1.7352999999999998
28.07.2022 14:00:00.000 GMT-0700,24018,24398,23413,23914,1.7669000000000001
29.07.2022 14:00:00.000 GMT-0700,23888,24598,23591,23908,1.5168
30.07.2022 14:00:00.000 GMT-0700,23907,24150,23372,23762,1.8997000000000002
31.07.2022 14:00:00.000 GMT-0700,23742,23769,22828,23093,1.4737000000000002
01.08.2022 14:00:00.000 GMT-0700,23074,23409,22632,22985,1.8732000000000002
02.08.2022 14:00:00.000 GMT-0700,22991,23597,22662,23285,1.7295999999999998
03.08.2022 14:00:00.000 GMT-0700,23293,23330,22373,22472,1.8251000000000002
04.08.2022 14:00:00.000 GMT-0700,22485,23425,22423,22927,1.7825
05.08.2022 14:00:00.000 GMT-0700,22922,23292,22921,23113,1.9617
06.08.2022 14:00:00.000 GMT-0700,23113,23249,22813,23223,1.5882999999999998
07.08.2022 14:00:00.000 GMT-0700,23204,24204,23028,24033,1.2311
08.08.2022 14:00:00.000 GMT-0700,24020,24020,22850,23103,1.4778
09.08.2022 14:00:00.000 GMT-0700,23103,24143,22643,23863,1.5652000000000004
10.08.2022 14:00:00.000 GMT-0700,23834,24866,23746,24172,2.3573
11.08.2022 14:00:00.000 GMT-0700,24173,24292,23572,24205,2.3097000000000003
12.08.2022 14:00:00.000 GMT-0700,24174,24834,24021,24448,1.9911999999999999
13.08.2022 14:00:00.000 GMT-0700,24449,24991,24115,24278,1.7862999999999998
14.08.2022 14:00:00.000 GMT-0700,24256,25166,23858,24033,1.3605
15.08.2022 14:00:00.000 GMT-0700,24034,24206,23636,23943,1.5399999999999998
16.08.2022 14:00:00.000 GMT-0700,23940,24397,23153,23364,1.4250999999999998
17.08.2022 14:00:00.000 GMT-0700,23359,23554,23205,23374,1.1308
18.08.2022 14:00:00.000 GMT-0700,23379,23386,21120,21238,1.7385000000000002
19.08.2022 14:00:00.000 GMT-0700,21206,21310,20723,20754,2.2501
20.08.2022 14:00:00.000 GMT-0700,20753,21741,20729,21433,1.7092999999999996
21.08.2022 14:00:00.000 GMT-0700,21406,21642,20867,21090,1.0513000000000001
22.08.2022 14:00:00.000 GMT-0700,21090,21638,20865,21446,0.8718
23.08.2022 14:00:00.000 GMT-0700,21446,21855,21118,21654,0.9561
24.08.2022 14:00:00.000 GMT-0700,21657,21774,21276,21611,0.9903000000000001
25.08.2022 14:00:00.000 GMT-0700,21611,21830,20509,20619,0.9463999999999999
26.08.2022 14:00:00.000 GMT-0700,20583,20656,19786,19972,1.3689999999999998
27.08.2022 14:00:00.000 GMT-0700,19972,20123,19777,19953,0.17450000000000002
28.08.2022 14:00:00.000 GMT-0700,19928,20379,19488,20143,0.5911
29.08.2022 14:00:00.000 GMT-0700,20143,20534,19516,19936,0.7077
30.08.2022 14:00:00.000 GMT-0700,19937,20442,19726,20160,0.8596
31.08.2022 14:00:00.000 GMT-0700,20160,20250,19540,20040,0.6777
01.09.2022 14:00:00.000 GMT-0700,20040,20399,19723,19934,1.3399999999999999
02.09.2022 14:00:00.000 GMT-0700,19934,19990,19616,19702,0.2794
03.09.2022 14:00:00.000 GMT-0700,19680,19899,19551,19861,0.7379
04.09.2022 14:00:00.000 GMT-0700,19836,20015,19608,19708,0.5018
05.09.2022 14:00:00.000 GMT-0700,19708,20140,18639,18937,0.6663
06.09.2022 14:00:00.000 GMT-0700,18945,19410,18515,19348,0.8617
07.09.2022 14:00:00.000 GMT-0700,19373,19422,18991,19343,0.36569999999999997
08.09.2022 14:00:00.000 GMT-0700,19343,21387,19220,21243,0.9054
09.09.2022 14:00:00.000 GMT-0700,21237,21614,21092,21390,1.3054000000000001
10.09.2022 14:00:00.000 GMT-0700,21369,21801,21320,21599,0.9216000000000001
11.09.2022 14:00:00.000 GMT-0700,21575,22439,21433,22368,1.2449
12.09.2022 14:00:00.000 GMT-0700,22360,22738,20021,20199,1.6995999999999996
13.09.2022 14:00:00.000 GMT-0700,20210,20485,19591,19905,0.7049000000000001
14.09.2022 14:00:00.000 GMT-0700,19906,20350,19493,19815,1.3744999999999998
15.09.2022 14:00:00.000 GMT-0700,19815,19855,19301,19697,0.6063999999999999
16.09.2022 14:00:00.000 GMT-0700,19697,20143,19633,20039,0.5097999999999999
17.09.2022 14:00:00.000 GMT-0700,20015,20103,19534,19683,1.2496999999999994
18.09.2022 14:00:00.000 GMT-0700,19677,19677,18233,19485,1.1855000000000002
19.09.2022 14:00:00.000 GMT-0700,19490,19641,18711,18936,0.7317000000000001
20.09.2022 14:00:00.000 GMT-0700,18936,19845,18694,18891,0.8975000000000001
21.09.2022 14:00:00.000 GMT-0700,18891,19449,18140,19212,1.1558999999999997
22.09.2022 14:00:00.000 GMT-0700,19212,19465,18501,18811,0.8004000000000001
23.09.2022 14:00:00.000 GMT-0700,18811,19335,18743,19086,0.0584
24.09.2022 14:00:00.000 GMT-0700,19086,19130,18777,18851,0.10350000000000001